TradeDate,AdjClose
1/2/2003 0:00,90.7
1/3/2003 0:00,90.98
1/6/2003 0:00,92.59
1/7/2003 0:00,92.36
1/8/2003 0:00,91.02
1/9/2003 0:00,92.44
1/10/2003 0:00,92.69
1/13/2003 0:00,92.66
1/14/2003 0:00,92.96
1/15/2003 0:00,92.03
1/16/2003 0:00,91.65
1/17/2003 0:00,90.3
1/21/2003 0:00,88.89
1/22/2003 0:00,87.82
1/23/2003 0:00,88.35
1/24/2003 0:00,86.03
1/27/2003 0:00,84.86
1/28/2003 0:00,85.49
1/29/2003 0:00,86.13
1/30/2003 0:00,84.09
1/31/2003 0:00,85.71
2/3/2003 0:00,85.88
2/4/2003 0:00,85.04
2/5/2003 0:00,84.51
2/6/2003 0:00,84.11
2/7/2003 0:00,83.08
2/10/2003 0:00,83.67
2/11/2003 0:00,83.1
2/12/2003 0:00,81.77
2/13/2003 0:00,82.02
2/14/2003 0:00,83.81
2/18/2003 0:00,85.29
2/19/2003 0:00,84.84
2/20/2003 0:00,83.99
2/21/2003 0:00,84.84
2/24/2003 0:00,83.46
2/25/2003 0:00,84.13
2/26/2003 0:00,82.91
2/27/2003 0:00,84
2/28/2003 0:00,84.56
3/3/2003 0:00,83.75
3/4/2003 0:00,82.42
3/5/2003 0:00,83.11
3/6/2003 0:00,82.42
3/7/2003 0:00,82.99
3/10/2003 0:00,80.99
3/11/2003 0:00,80.2
3/12/2003 0:00,80.73
3/13/2003 0:00,83.52
3/14/2003 0:00,83.79
3/17/2003 0:00,86.43
3/18/2003 0:00,86.94
3/19/2003 0:00,87.61
3/20/2003 0:00,87.8
3/21/2003 0:00,89.67
3/24/2003 0:00,86.69
3/25/2003 0:00,87.52
3/26/2003 0:00,87.08
3/27/2003 0:00,87.15
3/28/2003 0:00,86.71
3/31/2003 0:00,84.74
4/1/2003 0:00,86.04
4/2/2003 0:00,88.12
4/3/2003 0:00,87.7
4/4/2003 0:00,88.22
4/7/2003 0:00,88.05
4/8/2003 0:00,88.19
4/9/2003 0:00,87.03
4/10/2003 0:00,87.51
4/11/2003 0:00,87.15
4/14/2003 0:00,88.95
4/15/2003 0:00,89.78
4/16/2003 0:00,88.25
4/17/2003 0:00,89.56
4/21/2003 0:00,89.65
4/22/2003 0:00,91.34
4/23/2003 0:00,92.18
4/24/2003 0:00,91.36
4/25/2003 0:00,90.23
4/28/2003 0:00,91.79
4/29/2003 0:00,92.11
4/30/2003 0:00,91.91
5/1/2003 0:00,91.9
5/2/2003 0:00,93.21
5/5/2003 0:00,93.03
5/6/2003 0:00,93.91
5/7/2003 0:00,93.39
5/8/2003 0:00,92.45
5/9/2003 0:00,93.73
5/12/2003 0:00,94.88
5/13/2003 0:00,94.71
5/14/2003 0:00,94.51
5/15/2003 0:00,95.11
5/16/2003 0:00,94.87
5/19/2003 0:00,92.65
5/20/2003 0:00,92.46
5/21/2003 0:00,92.65
5/22/2003 0:00,93.57
5/23/2003 0:00,93.76
5/27/2003 0:00,95.77
5/28/2003 0:00,95.67
5/29/2003 0:00,95.42
5/30/2003 0:00,96.95
6/2/2003 0:00,97.35
6/3/2003 0:00,97.75
6/4/2003 0:00,99.16
6/5/2003 0:00,99.65
6/6/2003 0:00,99.26
6/9/2003 0:00,98.25
6/10/2003 0:00,99.25
6/11/2003 0:00,100.3
6/12/2003 0:00,100.61
6/13/2003 0:00,99.56
6/16/2003 0:00,101.66
6/17/2003 0:00,101.66
6/18/2003 0:00,101.57
6/19/2003 0:00,100.02
6/20/2003 0:00,99.44
6/23/2003 0:00,98.42
6/24/2003 0:00,98.52
6/25/2003 0:00,97.53
6/26/2003 0:00,98.8
6/27/2003 0:00,97.66
6/30/2003 0:00,98.38
7/1/2003 0:00,98.53
7/2/2003 0:00,99.77
7/3/2003 0:00,98.74
7/7/2003 0:00,100.7
7/8/2003 0:00,101.15
7/9/2003 0:00,100.58
7/10/2003 0:00,99.3
7/11/2003 0:00,100.24
7/14/2003 0:00,100.73
7/15/2003 0:00,100.51
7/16/2003 0:00,99.92
7/17/2003 0:00,98.5
7/18/2003 0:00,99.51
7/21/2003 0:00,98.28
7/22/2003 0:00,99.17
7/23/2003 0:00,99.24
7/24/2003 0:00,98.49
7/25/2003 0:00,100.23
7/28/2003 0:00,99.86
7/29/2003 0:00,99.4
7/30/2003 0:00,99.16
7/31/2003 0:00,99.39
8/1/2003 0:00,98.51
8/4/2003 0:00,98.51
8/5/2003 0:00,96.42
8/6/2003 0:00,96.98
8/7/2003 0:00,98
8/8/2003 0:00,98.28
8/11/2003 0:00,98.65
8/12/2003 0:00,99.55
8/13/2003 0:00,99.04
8/14/2003 0:00,99.31
8/15/2003 0:00,99.62
8/18/2003 0:00,100.48
8/19/2003 0:00,100.86
8/20/2003 0:00,100.45
8/21/2003 0:00,100.77
8/22/2003 0:00,99.77
8/25/2003 0:00,99.93
8/26/2003 0:00,100.11
8/27/2003 0:00,100.14
8/28/2003 0:00,100.76
8/29/2003 0:00,101.44
9/2/2003 0:00,102.8
9/3/2003 0:00,103.36
9/4/2003 0:00,103.41
9/5/2003 0:00,102.83
9/8/2003 0:00,103.68
9/9/2003 0:00,103
9/10/2003 0:00,101.96
9/11/2003 0:00,102.26
9/12/2003 0:00,102.45
9/15/2003 0:00,102.09
9/16/2003 0:00,103.58
9/17/2003 0:00,103.38
9/18/2003 0:00,104.6
9/19/2003 0:00,103.67
9/22/2003 0:00,102.55
9/23/2003 0:00,102.94
9/24/2003 0:00,101.11
9/25/2003 0:00,100.28
9/26/2003 0:00,99.95
9/29/2003 0:00,100.93
9/30/2003 0:00,99.95
10/1/2003 0:00,102.08
10/2/2003 0:00,102.45
10/3/2003 0:00,103.39
10/6/2003 0:00,103.86
10/7/2003 0:00,104.26
10/8/2003 0:00,104
10/9/2003 0:00,104.28
10/10/2003 0:00,104.57
10/13/2003 0:00,104.9
10/14/2003 0:00,105.27
10/15/2003 0:00,104.99
10/16/2003 0:00,105.41
10/17/2003 0:00,104.26
10/20/2003 0:00,105.04
10/21/2003 0:00,104.86
10/22/2003 0:00,103.54
10/23/2003 0:00,103.35
10/24/2003 0:00,103.45
10/27/2003 0:00,103.57
10/28/2003 0:00,105.01
10/29/2003 0:00,105.21
10/30/2003 0:00,105.4
10/31/2003 0:00,105.31
11/3/2003 0:00,105.99
11/4/2003 0:00,105.76
11/5/2003 0:00,105.84
11/6/2003 0:00,106.4
11/7/2003 0:00,105.64
11/10/2003 0:00,105.17
11/11/2003 0:00,105.15
11/12/2003 0:00,106.31
11/13/2003 0:00,106.37
11/14/2003 0:00,105.43
11/17/2003 0:00,104.95
11/18/2003 0:00,103.82
11/19/2003 0:00,104.72
11/20/2003 0:00,103.81
11/21/2003 0:00,104.16
11/24/2003 0:00,105.62
11/25/2003 0:00,105.99
11/26/2003 0:00,106.4
11/28/2003 0:00,106.45
12/1/2003 0:00,107.6
12/2/2003 0:00,107.33
12/3/2003 0:00,107.16
12/4/2003 0:00,107.62
12/5/2003 0:00,106.85
12/8/2003 0:00,107.61
12/9/2003 0:00,106.73
12/10/2003 0:00,106.69
12/11/2003 0:00,107.88
12/12/2003 0:00,108.13
12/15/2003 0:00,107.6
12/16/2003 0:00,108.16
12/17/2003 0:00,108.16
12/18/2003 0:00,109.72
12/19/2003 0:00,108.9
12/22/2003 0:00,109.66
12/23/2003 0:00,109.74
12/24/2003 0:00,109.62
12/26/2003 0:00,109.7
12/29/2003 0:00,111.16
12/30/2003 0:00,111.18
12/31/2003 0:00,111.28
1/2/2004 0:00,111.25
1/5/2004 0:00,112.44
1/6/2004 0:00,112.55
1/7/2004 0:00,112.93
1/8/2004 0:00,113.38
1/9/2004 0:00,112.39
1/12/2004 0:00,113.22
1/13/2004 0:00,112.56
1/14/2004 0:00,113.5
1/15/2004 0:00,113.78
1/16/2004 0:00,114.23
1/20/2004 0:00,114.2
1/21/2004 0:00,115.1
1/22/2004 0:00,114.82
1/23/2004 0:00,114.43
1/26/2004 0:00,115.87
1/27/2004 0:00,114.68
1/28/2004 0:00,113.37
1/29/2004 0:00,113.48
1/30/2004 0:00,113.48
2/2/2004 0:00,113.91
2/3/2004 0:00,113.78
2/4/2004 0:00,112.85
2/5/2004 0:00,113.22
2/6/2004 0:00,114.45
2/9/2004 0:00,114.44
2/10/2004 0:00,114.85
2/11/2004 0:00,116.07
2/12/2004 0:00,115.65
2/13/2004 0:00,115.13
2/17/2004 0:00,116.16
2/18/2004 0:00,115.66
2/19/2004 0:00,115.2
2/20/2004 0:00,114.88
2/23/2004 0:00,114.59
2/24/2004 0:00,114.4
2/25/2004 0:00,114.86
2/26/2004 0:00,114.96
2/27/2004 0:00,115.02
3/1/2004 0:00,116.16
3/2/2004 0:00,115.5
3/3/2004 0:00,115.69
3/4/2004 0:00,115.99
3/5/2004 0:00,116.28
3/8/2004 0:00,114.96
3/9/2004 0:00,114.55
3/10/2004 0:00,112.67
3/11/2004 0:00,111.12
3/12/2004 0:00,112.57
3/15/2004 0:00,111.2
3/16/2004 0:00,111.79
3/17/2004 0:00,113.04
3/18/2004 0:00,113
3/19/2004 0:00,111.04
3/22/2004 0:00,109.65
3/23/2004 0:00,109.46
3/24/2004 0:00,109.55
3/25/2004 0:00,111.05
3/26/2004 0:00,111.03
3/29/2004 0:00,112.59
3/30/2004 0:00,112.97
3/31/2004 0:00,113.1
4/1/2004 0:00,113.66
4/2/2004 0:00,114.59
4/5/2004 0:00,115.25
4/6/2004 0:00,114.9
4/7/2004 0:00,114.62
4/8/2004 0:00,114.65
4/12/2004 0:00,114.82
4/13/2004 0:00,113.48
4/14/2004 0:00,113.35
4/15/2004 0:00,112.96
4/16/2004 0:00,113.83
4/19/2004 0:00,113.83
4/20/2004 0:00,111.99
4/21/2004 0:00,112.76
4/22/2004 0:00,114.25
4/23/2004 0:00,114.44
4/26/2004 0:00,114.2
4/27/2004 0:00,114.3
4/28/2004 0:00,112.82
4/29/2004 0:00,111.83
4/30/2004 0:00,111
5/3/2004 0:00,112.16
5/4/2004 0:00,112.07
5/5/2004 0:00,112.78
5/6/2004 0:00,111.81
5/7/2004 0:00,109.96
5/10/2004 0:00,108.83
5/11/2004 0:00,109.75
5/12/2004 0:00,110.45
5/13/2004 0:00,109.92
5/14/2004 0:00,109.99
5/17/2004 0:00,109.1
5/18/2004 0:00,109.65
5/19/2004 0:00,109.26
5/20/2004 0:00,109.62
5/21/2004 0:00,109.81
5/24/2004 0:00,110.27
5/25/2004 0:00,111.84
5/26/2004 0:00,112.24
5/27/2004 0:00,112.83
5/28/2004 0:00,112.76
6/1/2004 0:00,112.75
6/2/2004 0:00,113.13
6/3/2004 0:00,113.07
6/4/2004 0:00,112.86
6/7/2004 0:00,114.7
6/8/2004 0:00,114.86
6/9/2004 0:00,113.79
6/10/2004 0:00,114.26
6/14/2004 0:00,113.21
6/15/2004 0:00,114.01
6/16/2004 0:00,114.03
6/17/2004 0:00,113.85
6/18/2004 0:00,113.63
6/21/2004 0:00,113.2
6/22/2004 0:00,113.81
6/23/2004 0:00,114.79
6/24/2004 0:00,114.35
6/25/2004 0:00,113.81
6/28/2004 0:00,113.45
6/29/2004 0:00,113.89
6/30/2004 0:00,114.43
7/1/2004 0:00,113.07
7/2/2004 0:00,112.83
7/6/2004 0:00,111.89
7/7/2004 0:00,112.22
7/8/2004 0:00,111.37
7/9/2004 0:00,111.63
7/12/2004 0:00,111.8
7/13/2004 0:00,111.88
7/14/2004 0:00,111.56
7/15/2004 0:00,110.96
7/16/2004 0:00,110.64
7/19/2004 0:00,110.4
7/20/2004 0:00,111.66
7/21/2004 0:00,109.5
7/22/2004 0:00,109.8
7/23/2004 0:00,108.96
7/26/2004 0:00,108.72
7/27/2004 0:00,109.77
7/28/2004 0:00,110.15
7/29/2004 0:00,110.52
7/30/2004 0:00,110.87
8/2/2004 0:00,111.07
8/3/2004 0:00,110.18
8/4/2004 0:00,110.23
8/5/2004 0:00,108.4
8/6/2004 0:00,106.8
8/9/2004 0:00,106.99
8/10/2004 0:00,108.27
8/11/2004 0:00,108.12
8/12/2004 0:00,106.9
8/13/2004 0:00,107.14
8/16/2004 0:00,108.44
8/17/2004 0:00,108.89
8/18/2004 0:00,110.05
8/19/2004 0:00,109.71
8/20/2004 0:00,110.45
8/23/2004 0:00,110.2
8/24/2004 0:00,110.28
8/25/2004 0:00,111.09
8/26/2004 0:00,111.1
8/27/2004 0:00,111.4
8/30/2004 0:00,110.53
8/31/2004 0:00,111.12
9/1/2004 0:00,111.32
9/2/2004 0:00,112.64
9/3/2004 0:00,112.1
9/7/2004 0:00,112.86
9/8/2004 0:00,112.58
9/9/2004 0:00,112.43
9/10/2004 0:00,113.12
9/13/2004 0:00,113.39
9/14/2004 0:00,113.62
9/15/2004 0:00,112.8
9/16/2004 0:00,113.18
9/17/2004 0:00,113.12
9/20/2004 0:00,112.46
9/21/2004 0:00,113.08
9/22/2004 0:00,111.58
9/23/2004 0:00,111.02
9/24/2004 0:00,111.49
9/27/2004 0:00,110.74
9/28/2004 0:00,111.28
9/29/2004 0:00,111.79
9/30/2004 0:00,111.71
10/1/2004 0:00,113.56
10/4/2004 0:00,113.87
10/5/2004 0:00,113.9
10/6/2004 0:00,114.62
10/7/2004 0:00,113.45
10/8/2004 0:00,112.5
10/11/2004 0:00,112.97
10/12/2004 0:00,112.55
10/13/2004 0:00,111.6
10/14/2004 0:00,110.72
10/15/2004 0:00,111.26
10/18/2004 0:00,111.77
10/19/2004 0:00,110.66
10/20/2004 0:00,110.64
10/21/2004 0:00,111.11
10/22/2004 0:00,109.99
10/25/2004 0:00,109.88
10/26/2004 0:00,111.55
10/27/2004 0:00,112.92
10/28/2004 0:00,113.22
10/29/2004 0:00,113.38
11/1/2004 0:00,113.51
11/2/2004 0:00,113.55
11/3/2004 0:00,114.91
11/4/2004 0:00,116.56
11/5/2004 0:00,117.14
11/8/2004 0:00,117.09
11/9/2004 0:00,116.91
11/10/2004 0:00,116.97
11/11/2004 0:00,117.86
11/12/2004 0:00,118.8
11/15/2004 0:00,118.73
11/16/2004 0:00,117.85
11/17/2004 0:00,118.58
11/18/2004 0:00,118.74
11/19/2004 0:00,117.42
11/22/2004 0:00,118.01
11/23/2004 0:00,118.16
11/24/2004 0:00,118.47
11/26/2004 0:00,118.35
11/29/2004 0:00,117.92
11/30/2004 0:00,117.83
12/1/2004 0:00,119.36
12/2/2004 0:00,119.36
12/3/2004 0:00,119.22
12/6/2004 0:00,119.21
12/7/2004 0:00,118.06
12/8/2004 0:00,118.75
12/9/2004 0:00,119.24
12/10/2004 0:00,119.2
12/13/2004 0:00,120.36
12/14/2004 0:00,120.69
12/15/2004 0:00,120.88
12/16/2004 0:00,120.85
12/17/2004 0:00,119.45
12/20/2004 0:00,119.47
12/21/2004 0:00,120.45
12/22/2004 0:00,120.78
12/23/2004 0:00,120.77
12/27/2004 0:00,120.47
12/28/2004 0:00,121.25
12/29/2004 0:00,121.36
12/30/2004 0:00,121.12
12/31/2004 0:00,120.8
1/3/2005 0:00,120.3
1/4/2005 0:00,118.83
1/5/2005 0:00,118.05
1/6/2005 0:00,118.61
1/7/2005 0:00,118.39
1/10/2005 0:00,118.96
1/11/2005 0:00,118.26
1/12/2005 0:00,118.57
1/13/2005 0:00,117.62
1/14/2005 0:00,118.24
1/18/2005 0:00,119.47
1/19/2005 0:00,118.22
1/20/2005 0:00,117.5
1/21/2005 0:00,116.78
1/24/2005 0:00,116.55
1/25/2005 0:00,116.88
1/26/2005 0:00,117.23
1/27/2005 0:00,117.46
1/28/2005 0:00,117.43
1/31/2005 0:00,118.15
2/1/2005 0:00,118.91
2/2/2005 0:00,119.32
2/3/2005 0:00,119.01
2/4/2005 0:00,120.23
2/7/2005 0:00,120.12
2/8/2005 0:00,120.24
2/9/2005 0:00,119.35
2/10/2005 0:00,119.8
2/11/2005 0:00,120.77
2/14/2005 0:00,120.69
2/15/2005 0:00,121.13
2/16/2005 0:00,121.21
2/17/2005 0:00,120.25
2/18/2005 0:00,120.39
2/22/2005 0:00,118.63
2/23/2005 0:00,119.45
2/24/2005 0:00,120.24
2/25/2005 0:00,121.39
2/28/2005 0:00,120.63
3/1/2005 0:00,121.24
3/2/2005 0:00,121.17
3/3/2005 0:00,121.25
3/4/2005 0:00,122.73
3/7/2005 0:00,122.8
3/8/2005 0:00,122.35
3/9/2005 0:00,120.97
3/10/2005 0:00,121.29
3/11/2005 0:00,120.39
3/14/2005 0:00,121.11
3/15/2005 0:00,120.14
3/16/2005 0:00,119.14
3/17/2005 0:00,119.35
3/18/2005 0:00,118.6
3/21/2005 0:00,118.13
3/22/2005 0:00,116.96
3/23/2005 0:00,117.03
3/24/2005 0:00,117.15
3/28/2005 0:00,117.32
3/29/2005 0:00,116.53
3/30/2005 0:00,118.17
3/31/2005 0:00,118
4/1/2005 0:00,117.37
4/4/2005 0:00,117.65
4/5/2005 0:00,118.19
4/6/2005 0:00,118.6
4/7/2005 0:00,119.25
4/8/2005 0:00,118
4/11/2005 0:00,118.09
4/12/2005 0:00,118.7
4/13/2005 0:00,117.3
4/14/2005 0:00,115.77
4/15/2005 0:00,114.15
4/18/2005 0:00,114.5
4/19/2005 0:00,115.41
4/20/2005 0:00,113.8
4/21/2005 0:00,116.01
4/22/2005 0:00,115.57
4/25/2005 0:00,116.33
4/26/2005 0:00,115.2
4/27/2005 0:00,115.65
4/28/2005 0:00,114.2
4/29/2005 0:00,115.75
5/2/2005 0:00,116.4
5/3/2005 0:00,116.6
5/4/2005 0:00,117.5
5/5/2005 0:00,117.46
5/6/2005 0:00,117.06
5/9/2005 0:00,117.82
5/10/2005 0:00,116.6
5/11/2005 0:00,117.24
5/12/2005 0:00,115.95
5/13/2005 0:00,115.75
5/16/2005 0:00,116.8
5/17/2005 0:00,117.58
5/18/2005 0:00,118.79
5/19/2005 0:00,119.29
5/20/2005 0:00,119.12
5/23/2005 0:00,119.78
5/24/2005 0:00,119.49
5/25/2005 0:00,119.41
5/26/2005 0:00,120.05
5/27/2005 0:00,120.24
5/31/2005 0:00,119.48
6/1/2005 0:00,120.5
6/2/2005 0:00,120.76
6/3/2005 0:00,120.15
6/6/2005 0:00,120.04
6/7/2005 0:00,120.13
6/8/2005 0:00,119.91
6/9/2005 0:00,120.48
6/10/2005 0:00,120.2
6/13/2005 0:00,120.58
6/14/2005 0:00,120.86
6/15/2005 0:00,121.09
6/16/2005 0:00,121.4
6/17/2005 0:00,121.36
6/20/2005 0:00,121.4
6/21/2005 0:00,121.47
6/22/2005 0:00,121.59
6/23/2005 0:00,119.86
6/24/2005 0:00,118.98
6/27/2005 0:00,119.15
6/28/2005 0:00,120.15
6/29/2005 0:00,119.83
6/30/2005 0:00,119.18
7/1/2005 0:00,119.53
7/5/2005 0:00,120.49
7/6/2005 0:00,119.48
7/7/2005 0:00,119.95
7/8/2005 0:00,121.24
7/11/2005 0:00,121.94
7/12/2005 0:00,122.26
7/13/2005 0:00,122.43
7/14/2005 0:00,122.91
7/15/2005 0:00,122.84
7/18/2005 0:00,122.35
7/19/2005 0:00,123.02
7/20/2005 0:00,123.39
7/21/2005 0:00,122.72
7/22/2005 0:00,123.54
7/25/2005 0:00,123.19
7/26/2005 0:00,123.34
7/27/2005 0:00,123.79
7/28/2005 0:00,124.57
7/29/2005 0:00,123.74
8/1/2005 0:00,123.6
8/2/2005 0:00,124.39
8/3/2005 0:00,124.72
8/4/2005 0:00,123.72
8/5/2005 0:00,122.88
8/8/2005 0:00,122.65
8/9/2005 0:00,123.39
8/10/2005 0:00,123.33
8/11/2005 0:00,123.82
8/12/2005 0:00,123.06
8/15/2005 0:00,123.82
8/16/2005 0:00,122.21
8/17/2005 0:00,122.2
8/18/2005 0:00,122.19
8/19/2005 0:00,122.47
8/22/2005 0:00,122.47
8/23/2005 0:00,122.24
8/24/2005 0:00,121.15
8/25/2005 0:00,121.59
8/26/2005 0:00,120.76
8/29/2005 0:00,121.69
8/30/2005 0:00,121.05
8/31/2005 0:00,122.58
9/1/2005 0:00,122.49
9/2/2005 0:00,122.27
9/6/2005 0:00,123.7
9/7/2005 0:00,123.91
9/8/2005 0:00,123.5
9/9/2005 0:00,124.6
9/12/2005 0:00,124.35
9/13/2005 0:00,123.66
9/14/2005 0:00,123.21
9/15/2005 0:00,123.15
9/16/2005 0:00,123.5
9/19/2005 0:00,123.09
9/20/2005 0:00,122.05
9/21/2005 0:00,120.91
9/22/2005 0:00,121.34
9/23/2005 0:00,121.44
9/26/2005 0:00,121.58
9/27/2005 0:00,121.55
9/28/2005 0:00,121.67
9/29/2005 0:00,122.66
9/30/2005 0:00,123.04
10/3/2005 0:00,122.6
10/4/2005 0:00,121.22
10/5/2005 0:00,119.63
10/6/2005 0:00,119.2
10/7/2005 0:00,119.61
10/10/2005 0:00,118.6
10/11/2005 0:00,118.43
10/12/2005 0:00,117.5
10/13/2005 0:00,117.43
10/14/2005 0:00,118.67
10/17/2005 0:00,119.11
10/18/2005 0:00,117.82
10/19/2005 0:00,119.78
10/20/2005 0:00,117.67
10/21/2005 0:00,118.13
10/24/2005 0:00,119.96
10/25/2005 0:00,119.72
10/26/2005 0:00,119.37
10/27/2005 0:00,118.1
10/28/2005 0:00,119.8
10/31/2005 0:00,120.13
11/1/2005 0:00,120.49
11/2/2005 0:00,121.75
11/3/2005 0:00,122.27
11/4/2005 0:00,122.11
11/7/2005 0:00,122.23
11/8/2005 0:00,122.23
11/9/2005 0:00,122.39
11/10/2005 0:00,123.34
11/11/2005 0:00,123.76
11/14/2005 0:00,123.69
11/15/2005 0:00,123.24
11/16/2005 0:00,123.49
11/17/2005 0:00,124.64
11/18/2005 0:00,125.13
11/21/2005 0:00,125.76
11/22/2005 0:00,126.3
11/23/2005 0:00,127.03
11/25/2005 0:00,127.13
11/28/2005 0:00,126.23
11/29/2005 0:00,126.09
11/30/2005 0:00,125.41
12/1/2005 0:00,126.69
12/2/2005 0:00,126.85
12/5/2005 0:00,126.58
12/6/2005 0:00,126.82
12/7/2005 0:00,126.11
12/8/2005 0:00,126
12/9/2005 0:00,126.33
12/12/2005 0:00,126.45
12/13/2005 0:00,127.3
12/14/2005 0:00,127.81
12/15/2005 0:00,127.44
12/16/2005 0:00,126.36
12/19/2005 0:00,125.71
12/20/2005 0:00,125.83
12/21/2005 0:00,126.03
12/22/2005 0:00,126.69
12/23/2005 0:00,126.76
12/27/2005 0:00,125.47
12/28/2005 0:00,125.67
12/29/2005 0:00,125.19
12/30/2005 0:00,124.51
1/3/2006 0:00,126.7
1/4/2006 0:00,127.3
1/5/2006 0:00,127.39
1/6/2006 0:00,128.44
1/9/2006 0:00,128.79
1/10/2006 0:00,128.9
1/11/2006 0:00,129.31
1/12/2006 0:00,128.8
1/13/2006 0:00,128.68
1/17/2006 0:00,128.33
1/18/2006 0:00,127.82
1/19/2006 0:00,128.31
1/20/2006 0:00,125.97
1/23/2006 0:00,126.42
1/24/2006 0:00,126.55
1/25/2006 0:00,126.66
1/26/2006 0:00,127.36
1/27/2006 0:00,128.49
1/30/2006 0:00,128.44
1/31/2006 0:00,127.5
2/1/2006 0:00,128.39
2/2/2006 0:00,126.9
2/3/2006 0:00,126.27
2/6/2006 0:00,126.6
2/7/2006 0:00,125.48
2/8/2006 0:00,126.62
2/9/2006 0:00,126.41
2/10/2006 0:00,126.64
2/13/2006 0:00,126.41
2/14/2006 0:00,127.75
2/15/2006 0:00,128.2
2/16/2006 0:00,129.16
2/17/2006 0:00,128.81
2/21/2006 0:00,128.49
2/22/2006 0:00,129.27
2/23/2006 0:00,129.08
2/24/2006 0:00,129.37
2/27/2006 0:00,129.46
2/28/2006 0:00,128.23
3/1/2006 0:00,129.37
3/2/2006 0:00,129.34
3/3/2006 0:00,128.76
3/6/2006 0:00,128.17
3/7/2006 0:00,127.97
3/8/2006 0:00,128.24
3/9/2006 0:00,127.38
3/10/2006 0:00,128.59
3/13/2006 0:00,128.83
3/14/2006 0:00,130.18
3/15/2006 0:00,130.76
3/16/2006 0:00,131.03
3/17/2006 0:00,130.62
3/20/2006 0:00,130.41
3/21/2006 0:00,129.59
3/22/2006 0:00,130.38
3/23/2006 0:00,130.11
3/24/2006 0:00,130.21
3/27/2006 0:00,130.02
3/28/2006 0:00,129.22
3/29/2006 0:00,130.03
3/30/2006 0:00,129.8
3/31/2006 0:00,129.83
4/3/2006 0:00,129.73
4/4/2006 0:00,130.56
4/5/2006 0:00,131.04
4/6/2006 0:00,130.87
4/7/2006 0:00,129.57
4/10/2006 0:00,129.74
4/11/2006 0:00,128.69
4/12/2006 0:00,128.88
4/13/2006 0:00,128.71
4/17/2006 0:00,128.66
4/18/2006 0:00,130.7
4/19/2006 0:00,130.95
4/20/2006 0:00,131.13
4/21/2006 0:00,131.15
4/24/2006 0:00,130.91
4/25/2006 0:00,130.37
4/26/2006 0:00,130.4
4/27/2006 0:00,131.03
4/28/2006 0:00,131.47
5/1/2006 0:00,130.4
5/2/2006 0:00,131.38
5/3/2006 0:00,130.89
5/4/2006 0:00,131.36
5/5/2006 0:00,132.52
5/8/2006 0:00,132.36
5/9/2006 0:00,132.62
5/10/2006 0:00,132.55
5/11/2006 0:00,130.95
5/12/2006 0:00,129.24
5/15/2006 0:00,129.5
5/16/2006 0:00,129.31
5/17/2006 0:00,126.85
5/18/2006 0:00,126.2
5/19/2006 0:00,127.1
5/22/2006 0:00,126.13
5/23/2006 0:00,125.17
5/24/2006 0:00,126.17
5/25/2006 0:00,127.73
5/26/2006 0:00,128.38
5/30/2006 0:00,126.1
5/31/2006 0:00,127.51
6/1/2006 0:00,128.73
6/2/2006 0:00,129
6/5/2006 0:00,127.12
6/6/2006 0:00,126.81
6/7/2006 0:00,125.86
6/8/2006 0:00,125.51
6/9/2006 0:00,125.35
6/12/2006 0:00,123.99
6/13/2006 0:00,122.54
6/14/2006 0:00,123.5
6/15/2006 0:00,126.12
6/16/2006 0:00,124.65
6/19/2006 0:00,123.67
6/20/2006 0:00,124.09
6/21/2006 0:00,125.01
6/22/2006 0:00,124.41
6/23/2006 0:00,124.44
6/26/2006 0:00,124.99
6/27/2006 0:00,123.81
6/28/2006 0:00,124.75
6/29/2006 0:00,127.27
6/30/2006 0:00,127.23
7/3/2006 0:00,127.8
7/5/2006 0:00,127.07
7/6/2006 0:00,127.44
7/7/2006 0:00,126.65
7/10/2006 0:00,126.85
7/11/2006 0:00,127.41
7/12/2006 0:00,126.05
7/13/2006 0:00,124
7/14/2006 0:00,123.59
7/17/2006 0:00,123.34
7/18/2006 0:00,123.97
7/19/2006 0:00,125.69
7/20/2006 0:00,124.83
7/21/2006 0:00,123.94
7/24/2006 0:00,126.21
7/25/2006 0:00,126.66
7/26/2006 0:00,126.83
7/27/2006 0:00,126.71
7/28/2006 0:00,127.98
7/31/2006 0:00,127.85
8/1/2006 0:00,127.22
8/2/2006 0:00,128.08
8/3/2006 0:00,128.42
8/4/2006 0:00,128.21
8/7/2006 0:00,127.95
8/8/2006 0:00,127.41
8/9/2006 0:00,126.89
8/10/2006 0:00,127.25
8/11/2006 0:00,127
8/14/2006 0:00,127.11
8/15/2006 0:00,128.6
8/16/2006 0:00,129.73
8/17/2006 0:00,129.96
8/18/2006 0:00,130.62
8/21/2006 0:00,130.15
8/22/2006 0:00,130.18
8/23/2006 0:00,129.79
8/24/2006 0:00,129.65
8/25/2006 0:00,129.82
8/28/2006 0:00,130.43
8/29/2006 0:00,130.01
8/30/2006 0:00,130.67
8/31/2006 0:00,130.64
9/1/2006 0:00,131.42
9/5/2006 0:00,131.69
9/6/2006 0:00,130.51
9/7/2006 0:00,129.91
9/8/2006 0:00,130.28
9/11/2006 0:00,130.38
9/12/2006 0:00,131.69
9/13/2006 0:00,132.22
9/14/2006 0:00,132.23
9/15/2006 0:00,131.96
9/18/2006 0:00,132.14
9/19/2006 0:00,131.81
9/20/2006 0:00,132.51
9/21/2006 0:00,131.87
9/22/2006 0:00,131.45
9/25/2006 0:00,132.48
9/26/2006 0:00,133.58
9/27/2006 0:00,133.74
9/28/2006 0:00,133.69
9/29/2006 0:00,133.58
10/2/2006 0:00,133.03
10/3/2006 0:00,133.36
10/4/2006 0:00,134.92
10/5/2006 0:00,135.19
10/6/2006 0:00,135.01
10/9/2006 0:00,135.07
10/10/2006 0:00,135.24
10/11/2006 0:00,135.1
10/12/2006 0:00,136.28
10/13/2006 0:00,136.63
10/16/2006 0:00,136.84
10/17/2006 0:00,136.41
10/18/2006 0:00,136.59
10/19/2006 0:00,136.81
10/20/2006 0:00,136.84
10/23/2006 0:00,137.47
10/24/2006 0:00,137.86
10/25/2006 0:00,138.4
10/26/2006 0:00,138.72
10/27/2006 0:00,137.91
10/30/2006 0:00,137.83
10/31/2006 0:00,137.79
11/1/2006 0:00,136.86
11/2/2006 0:00,136.78
11/3/2006 0:00,136.54
11/6/2006 0:00,138.06
11/7/2006 0:00,138.61
11/8/2006 0:00,138.91
11/9/2006 0:00,138.16
11/10/2006 0:00,138.28
11/13/2006 0:00,138.59
11/14/2006 0:00,139.62
11/15/2006 0:00,140.01
11/16/2006 0:00,140.38
11/17/2006 0:00,140.42
11/20/2006 0:00,140.49
11/21/2006 0:00,140.64
11/22/2006 0:00,140.92
11/24/2006 0:00,140.39
11/27/2006 0:00,138.42
11/28/2006 0:00,139.02
11/29/2006 0:00,140.47
11/30/2006 0:00,140.53
12/1/2006 0:00,140.22
12/4/2006 0:00,141.29
12/5/2006 0:00,141.9
12/6/2006 0:00,141.78
12/7/2006 0:00,141.16
12/8/2006 0:00,141.42
12/11/2006 0:00,141.83
12/12/2006 0:00,141.72
12/13/2006 0:00,141.87
12/14/2006 0:00,143.12
12/15/2006 0:00,142.34
12/18/2006 0:00,141.95
12/19/2006 0:00,142.22
12/20/2006 0:00,142.14
12/21/2006 0:00,141.62
12/22/2006 0:00,140.7
12/26/2006 0:00,141.54
12/27/2006 0:00,142.49
12/28/2006 0:00,142.22
12/29/2006 0:00,141.62
1/3/2007 0:00,141.31
1/4/2007 0:00,141.67
1/5/2007 0:00,140.6
1/8/2007 0:00,141.14
1/9/2007 0:00,141.07
1/10/2007 0:00,141.54
1/11/2007 0:00,142.16
1/12/2007 0:00,143.24
1/16/2007 0:00,142.99
1/17/2007 0:00,143.08
1/18/2007 0:00,142.51
1/19/2007 0:00,142.82
1/22/2007 0:00,142.3
1/23/2007 0:00,142.8
1/24/2007 0:00,143.9
1/25/2007 0:00,142.26
1/26/2007 0:00,142.13
1/29/2007 0:00,142.05
1/30/2007 0:00,142.84
1/31/2007 0:00,143.81
2/1/2007 0:00,144.61
2/2/2007 0:00,144.81
2/5/2007 0:00,144.85
2/6/2007 0:00,144.89
2/7/2007 0:00,145.21
2/8/2007 0:00,145.02
2/9/2007 0:00,143.94
2/12/2007 0:00,143.45
2/13/2007 0:00,144.66
2/14/2007 0:00,145.61
2/15/2007 0:00,145.8
2/16/2007 0:00,145.73
2/20/2007 0:00,146.04
2/21/2007 0:00,145.98
2/22/2007 0:00,145.87
2/23/2007 0:00,145.3
2/26/2007 0:00,145.17
2/27/2007 0:00,139.5
2/28/2007 0:00,140.93
3/1/2007 0:00,140.51
3/2/2007 0:00,138.67
3/5/2007 0:00,137.35
3/6/2007 0:00,139.7
3/7/2007 0:00,139.56
3/8/2007 0:00,140.74
3/9/2007 0:00,140.78
3/12/2007 0:00,140.99
3/13/2007 0:00,138.25
3/14/2007 0:00,139.28
3/15/2007 0:00,139.47
3/16/2007 0:00,138.53
3/19/2007 0:00,140.2
3/20/2007 0:00,140.97
3/21/2007 0:00,143.29
3/22/2007 0:00,143.18
3/23/2007 0:00,143.39
3/26/2007 0:00,143.2
3/27/2007 0:00,142.86
3/28/2007 0:00,141.82
3/29/2007 0:00,141.97
3/30/2007 0:00,141.42
4/2/2007 0:00,142.16
4/3/2007 0:00,143.69
4/4/2007 0:00,143.85
4/5/2007 0:00,144.24
4/9/2007 0:00,144.44
4/10/2007 0:00,144.44
4/11/2007 0:00,144.211
4/12/2007 0:00,144.66
4/13/2007 0:00,145.05
4/16/2007 0:00,146.7
4/17/2007 0:00,147.09
4/18/2007 0:00,147.27
4/19/2007 0:00,147.27
4/20/2007 0:00,148.62
4/23/2007 0:00,148.06
4/24/2007 0:00,148.12
4/25/2007 0:00,149.48
4/26/2007 0:00,149.65
4/27/2007 0:00,149.53
4/30/2007 0:00,148.29
5/1/2007 0:00,148.215
5/2/2007 0:00,149.54
5/3/2007 0:00,150.35
5/4/2007 0:00,150.92
5/7/2007 0:00,150.95
5/8/2007 0:00,150.75
5/9/2007 0:00,151.16
5/10/2007 0:00,149.58
5/11/2007 0:00,150.86
5/14/2007 0:00,150.53
5/15/2007 0:00,150.57
5/16/2007 0:00,151.6
5/17/2007 0:00,151.3
5/18/2007 0:00,152.62
5/21/2007 0:00,152.54
5/22/2007 0:00,152.42
5/23/2007 0:00,152.44
5/24/2007 0:00,151.06
5/25/2007 0:00,151.69
5/29/2007 0:00,152.24
5/30/2007 0:00,153.48
5/31/2007 0:00,153.32
6/1/2007 0:00,154.08
6/4/2007 0:00,154.1
6/5/2007 0:00,153.49
6/6/2007 0:00,151.84
6/7/2007 0:00,149.1
6/8/2007 0:00,151.04
6/11/2007 0:00,151.3
6/12/2007 0:00,149.65
6/13/2007 0:00,151.89
6/14/2007 0:00,152.86
6/15/2007 0:00,153.07
6/18/2007 0:00,152.89
6/19/2007 0:00,153.19
6/20/2007 0:00,151.14
6/21/2007 0:00,151.98
6/22/2007 0:00,150.55
6/25/2007 0:00,149.83
6/26/2007 0:00,148.29
6/27/2007 0:00,150.4
6/28/2007 0:00,150.38
6/29/2007 0:00,150.43
7/2/2007 0:00,151.79
7/3/2007 0:00,152.34
7/5/2007 0:00,152.1799
7/6/2007 0:00,152.98
7/9/2007 0:00,153
7/10/2007 0:00,150.92
7/11/2007 0:00,151.99
7/12/2007 0:00,154.39
7/13/2007 0:00,154.85
7/16/2007 0:00,154.83
7/17/2007 0:00,154.75
7/18/2007 0:00,154.47
7/19/2007 0:00,155.07
7/20/2007 0:00,153.5
7/23/2007 0:00,153.97
7/24/2007 0:00,151.3
7/25/2007 0:00,151.61
7/26/2007 0:00,148.02
7/27/2007 0:00,145.11
7/30/2007 0:00,147.38
7/31/2007 0:00,145.72
8/1/2007 0:00,145.57
8/2/2007 0:00,147.6
8/3/2007 0:00,143.8
8/6/2007 0:00,146.21
8/7/2007 0:00,147.77
8/8/2007 0:00,149.83
8/9/2007 0:00,145.39
8/10/2007 0:00,144.9
8/13/2007 0:00,145.23
8/14/2007 0:00,143.01
8/15/2007 0:00,141.04
8/16/2007 0:00,142.1
8/17/2007 0:00,144.71
8/20/2007 0:00,144.64
8/21/2007 0:00,144.93
8/22/2007 0:00,146.65
8/23/2007 0:00,146.53
8/24/2007 0:00,148.33
8/27/2007 0:00,146.95
8/28/2007 0:00,143.81
8/29/2007 0:00,146.54
8/30/2007 0:00,146.15
8/31/2007 0:00,147.59
9/4/2007 0:00,149.08
9/5/2007 0:00,147.79
9/6/2007 0:00,148.13
9/7/2007 0:00,146.07
9/10/2007 0:00,145.79
9/11/2007 0:00,147.49
9/12/2007 0:00,147.87
9/13/2007 0:00,148.91
9/14/2007 0:00,148.9
9/17/2007 0:00,148.1
9/18/2007 0:00,152.46
9/19/2007 0:00,153.36
9/20/2007 0:00,152.28
9/21/2007 0:00,151.97
9/24/2007 0:00,151.69
9/25/2007 0:00,151.39
9/26/2007 0:00,152.19
9/27/2007 0:00,153.09
9/28/2007 0:00,152.58
10/1/2007 0:00,154.3
10/2/2007 0:00,154.09
10/3/2007 0:00,153.78
10/4/2007 0:00,154.02
10/5/2007 0:00,155.85
10/8/2007 0:00,155.02
10/9/2007 0:00,156.48
10/10/2007 0:00,156.22
10/11/2007 0:00,155.47
10/12/2007 0:00,156.33
10/15/2007 0:00,155.01
10/16/2007 0:00,155.01
10/17/2007 0:00,154.25
10/18/2007 0:00,153.69
10/19/2007 0:00,149.67
10/22/2007 0:00,150.54
10/23/2007 0:00,151.76
10/24/2007 0:00,151.48
10/25/2007 0:00,151.84
10/26/2007 0:00,153.62
10/29/2007 0:00,154.13
10/30/2007 0:00,153.06
10/31/2007 0:00,154.65
11/1/2007 0:00,151.03
11/2/2007 0:00,151.2
11/5/2007 0:00,150.05
11/6/2007 0:00,152.07
11/7/2007 0:00,147.91
11/8/2007 0:00,147.16
11/9/2007 0:00,145.14
11/12/2007 0:00,143.7
11/13/2007 0:00,148.08
11/14/2007 0:00,147.67
11/15/2007 0:00,145.54
11/16/2007 0:00,145.79
11/19/2007 0:00,143.76
11/20/2007 0:00,144.64
11/21/2007 0:00,141.68
11/23/2007 0:00,144.13
11/26/2007 0:00,140.95
11/27/2007 0:00,142.57
11/28/2007 0:00,147.13
11/29/2007 0:00,147.18
11/30/2007 0:00,148.66
12/3/2007 0:00,147.68
12/4/2007 0:00,146.36
12/5/2007 0:00,148.81
12/6/2007 0:00,150.94
12/7/2007 0:00,150.91
12/10/2007 0:00,152.08
12/11/2007 0:00,147.91
12/12/2007 0:00,149.37
12/13/2007 0:00,149.06
12/14/2007 0:00,147.17
12/17/2007 0:00,145.07
12/18/2007 0:00,145.88
12/19/2007 0:00,145.88
12/20/2007 0:00,146.8
12/21/2007 0:00,148.13
12/24/2007 0:00,149.23
12/26/2007 0:00,149.55
12/27/2007 0:00,147.67
12/28/2007 0:00,147.3
12/31/2007 0:00,146.21
1/2/2008 0:00,144.93
1/3/2008 0:00,144.86
1/4/2008 0:00,141.31
1/7/2008 0:00,141.19
1/8/2008 0:00,138.91
1/9/2008 0:00,140.37
1/10/2008 0:00,141.29
1/11/2008 0:00,140.15
1/14/2008 0:00,141.28
1/15/2008 0:00,138.17
1/16/2008 0:00,136.98
1/17/2008 0:00,133.43
1/18/2008 0:00,132.06
1/22/2008 0:00,130.72
1/23/2008 0:00,133.86
1/24/2008 0:00,134.99
1/25/2008 0:00,133.04
1/28/2008 0:00,135.24
1/29/2008 0:00,135.4799
1/30/2008 0:00,134.91
1/31/2008 0:00,137.37
2/1/2008 0:00,139.58
2/4/2008 0:00,137.82
2/5/2008 0:00,134.13
2/6/2008 0:00,133.05
2/7/2008 0:00,133.93
2/8/2008 0:00,133.07
2/11/2008 0:00,133.75
2/12/2008 0:00,134.99
2/13/2008 0:00,136.37
2/14/2008 0:00,135.17
2/15/2008 0:00,135.14
2/19/2008 0:00,135.52
2/20/2008 0:00,135.92
2/21/2008 0:00,134.79
2/22/2008 0:00,135.62
2/25/2008 0:00,137.33
2/26/2008 0:00,138.36
2/27/2008 0:00,138.22
2/28/2008 0:00,136.87
2/29/2008 0:00,133.82
3/3/2008 0:00,133.5
3/4/2008 0:00,132.99
3/5/2008 0:00,133.83
3/6/2008 0:00,131.06
3/7/2008 0:00,129.71
3/10/2008 0:00,128
3/11/2008 0:00,132.6
3/12/2008 0:00,131.36
3/13/2008 0:00,131.65
3/14/2008 0:00,129.61
3/17/2008 0:00,128.3
3/18/2008 0:00,133.63
3/19/2008 0:00,130.32
3/20/2008 0:00,132.08
3/24/2008 0:00,134.72
3/25/2008 0:00,134.85
3/26/2008 0:00,133.2
3/27/2008 0:00,132.78
3/28/2008 0:00,131.51
3/31/2008 0:00,131.97
4/1/2008 0:00,136.61
4/2/2008 0:00,136.7
4/3/2008 0:00,137.04
4/4/2008 0:00,136.89
4/7/2008 0:00,136.96
4/8/2008 0:00,136.82
4/9/2008 0:00,135.83
4/10/2008 0:00,136.02
4/11/2008 0:00,133.38
4/14/2008 0:00,132.93
4/15/2008 0:00,133.24
4/16/2008 0:00,136.85
4/17/2008 0:00,137.05
4/18/2008 0:00,138.48
4/21/2008 0:00,138.55
4/22/2008 0:00,137.94
4/23/2008 0:00,137.72
4/24/2008 0:00,138.32
4/25/2008 0:00,139.6
4/28/2008 0:00,139.63
4/29/2008 0:00,139.08
4/30/2008 0:00,138.26
5/1/2008 0:00,141.12
5/2/2008 0:00,141.51
5/5/2008 0:00,141.51
5/6/2008 0:00,142.05
5/7/2008 0:00,142.05
5/8/2008 0:00,139.16
5/9/2008 0:00,138.9
5/12/2008 0:00,140.46
5/13/2008 0:00,140.48
5/14/2008 0:00,140.48
5/15/2008 0:00,142.53
5/16/2008 0:00,142.22
5/19/2008 0:00,142.22
5/20/2008 0:00,142.22
5/21/2008 0:00,142.22
5/22/2008 0:00,142.22
5/23/2008 0:00,142.22
5/27/2008 0:00,138.66
5/28/2008 0:00,139.3
5/29/2008 0:00,140
5/30/2008 0:00,140.485
6/2/2008 0:00,138.9
6/3/2008 0:00,138.09
6/4/2008 0:00,138.02
6/5/2008 0:00,140.78
6/6/2008 0:00,136.29
6/9/2008 0:00,136.62
6/10/2008 0:00,135.77
6/11/2008 0:00,133.94
6/12/2008 0:00,134.45
6/13/2008 0:00,136.15
6/16/2008 0:00,136.23
6/17/2008 0:00,135.39
6/18/2008 0:00,134.16
6/19/2008 0:00,134.42
6/20/2008 0:00,131.65
6/23/2008 0:00,131.65
6/24/2008 0:00,131.45
6/25/2008 0:00,131.81
6/26/2008 0:00,128.23
6/27/2008 0:00,127.53
6/30/2008 0:00,127.98
7/1/2008 0:00,128.38
7/2/2008 0:00,126.18
7/3/2008 0:00,126.31
7/7/2008 0:00,125.02
7/8/2008 0:00,127.24
7/9/2008 0:00,124.6
7/10/2008 0:00,125.3
7/11/2008 0:00,124.04
7/14/2008 0:00,122.71
7/15/2008 0:00,120.99
7/16/2008 0:00,124.22
7/17/2008 0:00,125.29
7/18/2008 0:00,125.99
7/21/2008 0:00,126.18
7/22/2008 0:00,127.48
7/23/2008 0:00,128.17
7/24/2008 0:00,125.43
7/25/2008 0:00,125.43
7/28/2008 0:00,123.64
7/29/2008 0:00,126.27
7/30/2008 0:00,128.53
7/31/2008 0:00,126.83
8/1/2008 0:00,126.16
8/4/2008 0:00,125.06
8/5/2008 0:00,128.52
8/6/2008 0:00,129
8/7/2008 0:00,126.9
8/8/2008 0:00,129.45
8/11/2008 0:00,130.71
8/12/2008 0:00,129.3
8/13/2008 0:00,128.76
8/14/2008 0:00,129.56
8/15/2008 0:00,130.23
8/18/2008 0:00,127.8
8/19/2008 0:00,126.99
8/20/2008 0:00,127.65
8/21/2008 0:00,127.8
8/22/2008 0:00,129.65
8/25/2008 0:00,127.02
8/26/2008 0:00,127.39
8/27/2008 0:00,128.34
8/28/2008 0:00,130.19
8/29/2008 0:00,128.59
9/2/2008 0:00,127.99
9/3/2008 0:00,127.88
9/4/2008 0:00,124.03
9/5/2008 0:00,124.52
9/8/2008 0:00,127.35
9/9/2008 0:00,122.94
9/10/2008 0:00,123.7
9/11/2008 0:00,125.51
9/12/2008 0:00,126.1
9/15/2008 0:00,120.05
9/16/2008 0:00,122.3
9/17/2008 0:00,116.61
9/18/2008 0:00,120.18
9/19/2008 0:00,124.53
9/22/2008 0:00,121.31
9/23/2008 0:00,118.54
9/24/2008 0:00,118.92
9/25/2008 0:00,120.77
9/26/2008 0:00,120.95
9/29/2008 0:00,111.54
9/30/2008 0:00,116.04
10/1/2008 0:00,116.5
10/2/2008 0:00,111.85
10/3/2008 0:00,110.35
10/6/2008 0:00,104.72
10/7/2008 0:00,100.03
10/8/2008 0:00,97.71
10/9/2008 0:00,90.7
10/10/2008 0:00,88.5
10/13/2008 0:00,101.35
10/14/2008 0:00,99.81
10/15/2008 0:00,90.26
10/16/2008 0:00,93.85
10/17/2008 0:00,93.78
10/20/2008 0:00,98.9
10/21/2008 0:00,95.86
10/22/2008 0:00,90.55
10/23/2008 0:00,91.69
10/24/2008 0:00,87.04
10/27/2008 0:00,83.8
10/28/2008 0:00,93.76
10/29/2008 0:00,93.05
10/30/2008 0:00,96.3
10/31/2008 0:00,96.83
11/3/2008 0:00,97.05
11/4/2008 0:00,100.41
11/5/2008 0:00,96.19
11/6/2008 0:00,90.86
11/7/2008 0:00,93.86
11/10/2008 0:00,92.27
11/11/2008 0:00,89.77
11/12/2008 0:00,85.73
11/13/2008 0:00,91
11/14/2008 0:00,86.52
11/17/2008 0:00,85.5
11/18/2008 0:00,87.12
11/19/2008 0:00,81.6
11/20/2008 0:00,75.45
11/21/2008 0:00,79.87
11/24/2008 0:00,85.22
11/25/2008 0:00,85.78
11/26/2008 0:00,89.05
11/28/2008 0:00,90.09
12/1/2008 0:00,81.95
12/2/2008 0:00,85.27
12/3/2008 0:00,87.32
12/4/2008 0:00,85.3
12/5/2008 0:00,87.93
12/8/2008 0:00,91
12/9/2008 0:00,89.5
12/10/2008 0:00,90.11
12/11/2008 0:00,87.94
12/12/2008 0:00,88.99
12/15/2008 0:00,87.48
12/16/2008 0:00,91.88
12/17/2008 0:00,90.99
12/18/2008 0:00,89.29
12/19/2008 0:00,88.19
12/22/2008 0:00,87.06
12/23/2008 0:00,86.16
12/24/2008 0:00,86.66
12/26/2008 0:00,87.16
12/29/2008 0:00,86.91
12/30/2008 0:00,88.97
12/31/2008 0:00,90.24
1/2/2009 0:00,92.96
1/5/2009 0:00,92.85
1/6/2009 0:00,93.47
1/7/2009 0:00,90.67
1/8/2009 0:00,91.042
1/9/2009 0:00,89.09
1/12/2009 0:00,86.95
1/13/2009 0:00,87.11
1/14/2009 0:00,87.11
1/15/2009 0:00,84.4
1/16/2009 0:00,85.06
1/20/2009 0:00,80.57
1/21/2009 0:00,84.05
1/22/2009 0:00,82.75
1/23/2009 0:00,83.11
1/26/2009 0:00,83.68
1/27/2009 0:00,84.53
1/28/2009 0:00,87.39
1/29/2009 0:00,84.55
1/30/2009 0:00,82.83
2/2/2009 0:00,82.58
2/3/2009 0:00,82.58
2/4/2009 0:00,83.33
2/5/2009 0:00,84.57
2/6/2009 0:00,86.98
2/9/2009 0:00,87.1
2/10/2009 0:00,83.11
2/11/2009 0:00,83.6
2/12/2009 0:00,83.66
2/13/2009 0:00,82.76
2/17/2009 0:00,79.22
2/18/2009 0:00,79.03
2/19/2009 0:00,78.181
2/20/2009 0:00,77.42
2/23/2009 0:00,74.65
2/24/2009 0:00,77.48
2/25/2009 0:00,76.872
2/26/2009 0:00,76.872
2/27/2009 0:00,73.93
3/2/2009 0:00,70.6
3/3/2009 0:00,70.07
3/4/2009 0:00,71.73
3/5/2009 0:00,68.8
3/6/2009 0:00,68.92
3/9/2009 0:00,68.11
3/10/2009 0:00,72.17
3/11/2009 0:00,72.64
3/12/2009 0:00,75.5
3/13/2009 0:00,76.09
3/16/2009 0:00,75.86
3/17/2009 0:00,78.18
3/18/2009 0:00,79.93
3/19/2009 0:00,78.94
3/20/2009 0:00,76.71
3/23/2009 0:00,76.71
3/24/2009 0:00,82.24
3/25/2009 0:00,81.45
3/26/2009 0:00,83.11
3/27/2009 0:00,81.61
3/30/2009 0:00,78.79
3/31/2009 0:00,79.52
4/1/2009 0:00,81.06
4/2/2009 0:00,83.43
4/3/2009 0:00,84.26
4/6/2009 0:00,75.62
4/7/2009 0:00,89.77
4/8/2009 0:00,82.53
4/9/2009 0:00,85.81
4/13/2009 0:00,85.83
4/14/2009 0:00,84.35
4/15/2009 0:00,85.25
4/16/2009 0:00,86.5
4/17/2009 0:00,83.43
4/20/2009 0:00,83.43
4/21/2009 0:00,85.06
4/22/2009 0:00,84.54
4/23/2009 0:00,85.37
4/24/2009 0:00,86.66
4/27/2009 0:00,85.84
4/28/2009 0:00,87.39
4/29/2009 0:00,87.39
4/30/2009 0:00,87.89
5/1/2009 0:00,87.89
5/4/2009 0:00,90.88
5/5/2009 0:00,90.57
5/6/2009 0:00,92.141
5/7/2009 0:00,90.86
5/8/2009 0:00,92.98
5/11/2009 0:00,91.24
5/12/2009 0:00,90.97
5/13/2009 0:00,88.68
5/14/2009 0:00,89.44
5/15/2009 0:00,88.71
5/18/2009 0:00,91.23
5/19/2009 0:00,91.12
5/20/2009 0:00,90.51
5/21/2009 0:00,89.21
5/22/2009 0:00,87.42
5/26/2009 0:00,91.3
5/27/2009 0:00,83.6
5/28/2009 0:00,90.92
5/29/2009 0:00,89.67
6/1/2009 0:00,94.77
6/2/2009 0:00,91.12
6/3/2009 0:00,93.65
6/4/2009 0:00,94.53
6/5/2009 0:00,94.55
6/8/2009 0:00,94.16
6/9/2009 0:00,94.64
6/10/2009 0:00,94.4
6/11/2009 0:00,94.82
6/12/2009 0:00,95.08
6/15/2009 0:00,92.9
6/16/2009 0:00,91.64
6/17/2009 0:00,91.55
6/18/2009 0:00,92.219
6/19/2009 0:00,92.04
6/22/2009 0:00,89.28
6/23/2009 0:00,89.35
6/24/2009 0:00,90.118
6/25/2009 0:00,91.84
6/26/2009 0:00,91.84
6/29/2009 0:00,92.7
6/30/2009 0:00,91.95
7/1/2009 0:00,92.33
7/2/2009 0:00,89.81
7/6/2009 0:00,89.8
7/7/2009 0:00,88.06
7/8/2009 0:00,88
7/9/2009 0:00,88.17
7/10/2009 0:00,87.96
7/13/2009 0:00,90.102
7/14/2009 0:00,90.61
7/15/2009 0:00,93.26
7/16/2009 0:00,94.15
7/17/2009 0:00,94.13
7/20/2009 0:00,95.131
7/21/2009 0:00,95.57
7/22/2009 0:00,95.55
7/23/2009 0:00,97.661
7/24/2009 0:00,98.06
7/27/2009 0:00,98.35
7/28/2009 0:00,97.9708
7/29/2009 0:00,97.652
7/30/2009 0:00,98.67
7/31/2009 0:00,98.81
8/3/2009 0:00,100.44
8/4/2009 0:00,100.7
8/5/2009 0:00,100.41
8/6/2009 0:00,99.89
8/7/2009 0:00,101.202
8/10/2009 0:00,100.99
8/11/2009 0:00,99.73
8/12/2009 0:00,100.8
8/13/2009 0:00,101.57
8/14/2009 0:00,100.79
8/17/2009 0:00,98.31
8/18/2009 0:00,99.09
8/19/2009 0:00,99.96
8/20/2009 0:00,100.99
8/21/2009 0:00,102.97
8/24/2009 0:00,102.96
8/25/2009 0:00,103.16
8/26/2009 0:00,103.17
8/27/2009 0:00,103.4
8/28/2009 0:00,103.38
8/31/2009 0:00,102.46
9/1/2009 0:00,100.2
9/2/2009 0:00,99.82
9/3/2009 0:00,100.65
9/4/2009 0:00,102.06
9/8/2009 0:00,102.94
9/9/2009 0:00,103.73
9/10/2009 0:00,104.79
9/11/2009 0:00,104.77
9/14/2009 0:00,105.28
9/15/2009 0:00,105.72
9/16/2009 0:00,107.32
9/17/2009 0:00,107.16
9/18/2009 0:00,106.72
9/21/2009 0:00,106.45
9/22/2009 0:00,107.07
9/23/2009 0:00,106.18
9/24/2009 0:00,105.01
9/25/2009 0:00,104.45
9/28/2009 0:00,106.32
9/29/2009 0:00,106
9/30/2009 0:00,105.59
10/1/2009 0:00,103.724
10/2/2009 0:00,102.49
10/5/2009 0:00,104.02
10/6/2009 0:00,105.51
10/7/2009 0:00,105.8
10/8/2009 0:00,106.61
10/9/2009 0:00,107.26
10/12/2009 0:00,107.68
10/13/2009 0:00,107.46
10/14/2009 0:00,109.31
10/15/2009 0:00,109.71
10/16/2009 0:00,108.89
10/19/2009 0:00,109.79
10/20/2009 0:00,109.211
10/21/2009 0:00,108.23
10/22/2009 0:00,109.33
10/23/2009 0:00,108.08
10/26/2009 0:00,106.91
10/27/2009 0:00,106.42
10/28/2009 0:00,104.41
10/29/2009 0:00,106.65
10/30/2009 0:00,103.56
11/2/2009 0:00,104.32
11/3/2009 0:00,104.92
11/4/2009 0:00,104.92
11/5/2009 0:00,106.8501
11/6/2009 0:00,107.13
11/9/2009 0:00,109.57
11/10/2009 0:00,109.59
11/11/2009 0:00,110.15
11/12/2009 0:00,109.03
11/13/2009 0:00,109.62
11/16/2009 0:00,111.21
11/17/2009 0:00,111.339
11/18/2009 0:00,111.27
11/19/2009 0:00,109.82
11/20/2009 0:00,109.43
11/23/2009 0:00,110.82
11/24/2009 0:00,110.99
11/25/2009 0:00,111.38
11/27/2009 0:00,109.57
11/30/2009 0:00,109.94
12/1/2009 0:00,111.3
12/2/2009 0:00,111.25
12/3/2009 0:00,110.38
12/4/2009 0:00,111.01
12/7/2009 0:00,110.84
12/8/2009 0:00,109.61
12/9/2009 0:00,110.021
12/10/2009 0:00,110.64
12/11/2009 0:00,111.11
12/14/2009 0:00,111.87
12/15/2009 0:00,111.35
12/16/2009 0:00,111.52
12/17/2009 0:00,110.19
12/18/2009 0:00,110.21
12/21/2009 0:00,111.33
12/22/2009 0:00,111.73
12/23/2009 0:00,111.95
12/24/2009 0:00,112.48
12/28/2009 0:00,112.72
12/29/2009 0:00,112.562
12/30/2009 0:00,112.52
12/31/2009 0:00,113.33
1/4/2010 0:00,113.33
1/5/2010 0:00,113.63
1/6/2010 0:00,113.71
1/7/2010 0:00,114.19
1/8/2010 0:00,114.57
1/11/2010 0:00,114.73
1/12/2010 0:00,113.66
1/13/2010 0:00,114.62
1/14/2010 0:00,114.93
1/15/2010 0:00,113.64
1/19/2010 0:00,115.06
1/20/2010 0:00,113.89
1/21/2010 0:00,111.7
1/22/2010 0:00,109.21
1/25/2010 0:00,109.77
1/26/2010 0:00,109.31
1/27/2010 0:00,109.83
1/28/2010 0:00,108.57
1/29/2010 0:00,107.39
2/1/2010 0:00,109.06
2/2/2010 0:00,110.38
2/3/2010 0:00,109.83
2/4/2010 0:00,106.44
2/5/2010 0:00,106.66
2/8/2010 0:00,105.89
2/9/2010 0:00,107.22
2/10/2010 0:00,107.01
2/11/2010 0:00,108.13
2/12/2010 0:00,108.04
2/16/2010 0:00,109.74
2/17/2010 0:00,110.26
2/18/2010 0:00,110.91
2/19/2010 0:00,111.14
2/22/2010 0:00,111.16
2/23/2010 0:00,109.81
2/24/2010 0:00,110.82
2/25/2010 0:00,110.67
2/26/2010 0:00,110.74
3/1/2010 0:00,111.89
3/2/2010 0:00,112.2
3/3/2010 0:00,112.3
3/4/2010 0:00,112.641
3/5/2010 0:00,114.25
3/8/2010 0:00,114.27
3/9/2010 0:00,114.46
3/10/2010 0:00,114.97
3/11/2010 0:00,115.45
3/12/2010 0:00,115.46
3/15/2010 0:00,115.49
3/16/2010 0:00,116.41
3/17/2010 0:00,117.1
3/18/2010 0:00,117.0375
3/19/2010 0:00,115.97
3/22/2010 0:00,116.5925
3/23/2010 0:00,117.41
3/24/2010 0:00,116.84
3/25/2010 0:00,116.65
3/26/2010 0:00,116.582
3/29/2010 0:00,117.32
3/30/2010 0:00,117.4
3/31/2010 0:00,117
4/1/2010 0:00,117.8
4/5/2010 0:00,118.76
4/6/2010 0:00,119.04
4/7/2010 0:00,118.36
4/8/2010 0:00,118.7725
4/9/2010 0:00,119.55
4/12/2010 0:00,119.74
4/13/2010 0:00,119.83
4/14/2010 0:00,121.19
4/15/2010 0:00,121.29
4/16/2010 0:00,119.36
4/19/2010 0:00,119.81
4/20/2010 0:00,120.88
4/21/2010 0:00,120.66
4/22/2010 0:00,121.02
4/23/2010 0:00,121.8125
4/26/2010 0:00,121.35
4/27/2010 0:00,118.47
4/28/2010 0:00,119.38
4/29/2010 0:00,120.8575
4/30/2010 0:00,118.8125
5/3/2010 0:00,120.35
5/4/2010 0:00,117.52
5/5/2010 0:00,116.82
5/6/2010 0:00,112.942
5/7/2010 0:00,111.26
5/10/2010 0:00,116.16
5/11/2010 0:00,115.83
5/12/2010 0:00,117.45
5/13/2010 0:00,115.99
5/14/2010 0:00,113.89
5/17/2010 0:00,113.95
5/18/2010 0:00,112.4
5/19/2010 0:00,111.76
5/20/2010 0:00,107.54
5/21/2010 0:00,109.115
5/24/2010 0:00,107.71
5/25/2010 0:00,107.818
5/26/2010 0:00,107.17
5/27/2010 0:00,110.76
5/28/2010 0:00,109.369
6/1/2010 0:00,107.53
6/2/2010 0:00,110.33
6/3/2010 0:00,110.71
6/4/2010 0:00,106.82
6/7/2010 0:00,105.49
6/8/2010 0:00,106.62
6/9/2010 0:00,106.05
6/10/2010 0:00,109.15
6/11/2010 0:00,109.68
6/14/2010 0:00,109.509
6/15/2010 0:00,112
6/16/2010 0:00,111.96
6/17/2010 0:00,112.14
6/18/2010 0:00,111.729
6/21/2010 0:00,111.41
6/22/2010 0:00,109.57
6/23/2010 0:00,109.23
6/24/2010 0:00,107.42
6/25/2010 0:00,107.8675
6/28/2010 0:00,107.53
6/29/2010 0:00,104.21
6/30/2010 0:00,103.22
7/1/2010 0:00,102.76
7/2/2010 0:00,102.2
7/6/2010 0:00,102.87
7/7/2010 0:00,106.1075
7/8/2010 0:00,107.16
7/9/2010 0:00,107.96
7/12/2010 0:00,108.03
7/13/2010 0:00,109.66
7/14/2010 0:00,109.651
7/15/2010 0:00,109.68
7/16/2010 0:00,106.66
7/19/2010 0:00,107.29
7/20/2010 0:00,108.48
7/21/2010 0:00,107.07
7/22/2010 0:00,109.461
7/23/2010 0:00,110.41
7/26/2010 0:00,111.56
7/27/2010 0:00,111.55
7/28/2010 0:00,110.83
7/29/2010 0:00,110.29
7/30/2010 0:00,110.27
8/2/2010 0:00,112.76
8/3/2010 0:00,112.22
8/4/2010 0:00,112.97
8/5/2010 0:00,112.85
8/6/2010 0:00,112.392
8/9/2010 0:00,112.992
8/10/2010 0:00,112.375
8/11/2010 0:00,109.3
8/12/2010 0:00,108.63
8/13/2010 0:00,108.31
8/16/2010 0:00,108.26
8/17/2010 0:00,109.59
8/18/2010 0:00,109.79
8/19/2010 0:00,107.88
8/20/2010 0:00,107.53
8/23/2010 0:00,107.1236
8/24/2010 0:00,105.53
8/25/2010 0:00,105.94
8/26/2010 0:00,105.23
8/27/2010 0:00,106.86
8/30/2010 0:00,105.311
8/31/2010 0:00,105.31
9/1/2010 0:00,108.46
9/2/2010 0:00,109.47
9/3/2010 0:00,110.89
9/7/2010 0:00,109.64
9/8/2010 0:00,110.41
9/9/2010 0:00,110.92
9/10/2010 0:00,111.482
9/13/2010 0:00,112.72
9/14/2010 0:00,112.65
9/15/2010 0:00,113.08
9/16/2010 0:00,113.05
9/17/2010 0:00,112.49
9/20/2010 0:00,114.21
9/21/2010 0:00,113.98
9/22/2010 0:00,113.42
9/23/2010 0:00,112.498
9/24/2010 0:00,114.82
9/27/2010 0:00,114.27
9/28/2010 0:00,114.67
9/29/2010 0:00,114.47
9/30/2010 0:00,114.13
10/1/2010 0:00,114.61
10/4/2010 0:00,113.75
10/5/2010 0:00,116.04
10/6/2010 0:00,116.03
10/7/2010 0:00,115.89
10/8/2010 0:00,116.5375
10/11/2010 0:00,116.65
10/12/2010 0:00,117.01
10/13/2010 0:00,117.92
10/14/2010 0:00,117.46
10/15/2010 0:00,117.7
10/18/2010 0:00,118.63
10/19/2010 0:00,116.73
10/20/2010 0:00,117.87
10/21/2010 0:00,118.13
10/22/2010 0:00,118.347
10/25/2010 0:00,118.7
10/26/2010 0:00,118.72
10/27/2010 0:00,118.38
10/28/2010 0:00,118.4
10/29/2010 0:00,118.49
11/1/2010 0:00,118.53
11/2/2010 0:00,119.475
11/3/2010 0:00,119.95
11/4/2010 0:00,122.26
11/5/2010 0:00,122.725
11/8/2010 0:00,122.49
11/9/2010 0:00,121.61
11/10/2010 0:00,122.1
11/11/2010 0:00,121.635
11/12/2010 0:00,120.198
11/15/2010 0:00,120.03
11/16/2010 0:00,118.16
11/17/2010 0:00,118.218
11/18/2010 0:00,119.9575
11/19/2010 0:00,120.29
11/22/2010 0:00,120.19
11/23/2010 0:00,118.4475
11/24/2010 0:00,120.2
11/26/2010 0:00,118.8
11/29/2010 0:00,119.162
11/30/2010 0:00,118.4925
12/1/2010 0:00,121.01
12/2/2010 0:00,122.56
12/3/2010 0:00,122.89
12/6/2010 0:00,122.76
12/7/2010 0:00,122.83
12/8/2010 0:00,123.28
12/9/2010 0:00,123.76
12/10/2010 0:00,124.48
12/13/2010 0:00,124.56
12/14/2010 0:00,124.67
12/15/2010 0:00,124.098
12/16/2010 0:00,124.82
12/17/2010 0:00,124.3
12/20/2010 0:00,124.6
12/21/2010 0:00,125.39
12/22/2010 0:00,125.78
12/23/2010 0:00,125.6
12/27/2010 0:00,125.65
12/28/2010 0:00,125.83
12/29/2010 0:00,125.92
12/30/2010 0:00,125.72
12/31/2010 0:00,125.75
1/3/2011 0:00,127.05
1/4/2011 0:00,126.98
1/5/2011 0:00,127.64
1/6/2011 0:00,127.39
1/7/2011 0:00,127.14
1/10/2011 0:00,126.98
1/11/2011 0:00,127.43
1/12/2011 0:00,128.58
1/13/2011 0:00,128.3675
1/14/2011 0:00,129.3
1/18/2011 0:00,129.23
1/19/2011 0:00,128.25
1/20/2011 0:00,128.08
1/21/2011 0:00,128.37
1/24/2011 0:00,129.1
1/25/2011 0:00,129.17
1/26/2011 0:00,129.67
1/27/2011 0:00,129.99
1/28/2011 0:00,127.72
1/31/2011 0:00,128.68
2/1/2011 0:00,130.74
2/2/2011 0:00,130.485
2/3/2011 0:00,130.78
2/4/2011 0:00,131.15
2/7/2011 0:00,131.97
2/8/2011 0:00,132.57
2/9/2011 0:00,132.269
2/10/2011 0:00,132.321
2/11/2011 0:00,133.11
2/14/2011 0:00,133.43
2/15/2011 0:00,133.01
2/16/2011 0:00,133.85
2/17/2011 0:00,134.25
2/18/2011 0:00,134.53
2/22/2011 0:00,131.83
2/23/2011 0:00,131.02
2/24/2011 0:00,130.93
2/25/2011 0:00,132.33
2/28/2011 0:00,133.15
3/1/2011 0:00,130.93
3/2/2011 0:00,131.21
3/3/2011 0:00,133.47
3/4/2011 0:00,132.47
3/7/2011 0:00,131.43
3/8/2011 0:00,132.58
3/9/2011 0:00,132.39
3/10/2011 0:00,129.94
3/11/2011 0:00,130.84
3/14/2011 0:00,130.05
3/15/2011 0:00,128.56
3/16/2011 0:00,126.18
3/17/2011 0:00,127.85
3/18/2011 0:00,127.76
3/21/2011 0:00,129.74
3/22/2011 0:00,129.29
3/23/2011 0:00,129.66
3/24/2011 0:00,130.9
3/25/2011 0:00,131.3
3/28/2011 0:00,130.98
3/29/2011 0:00,131.86
3/30/2011 0:00,132.77
3/31/2011 0:00,132.59
4/1/2011 0:00,133.15
4/4/2011 0:00,133.26
4/5/2011 0:00,133.24
4/6/2011 0:00,133.66
4/7/2011 0:00,133.32
4/8/2011 0:00,132.86
4/11/2011 0:00,132.46
4/12/2011 0:00,131.47
4/13/2011 0:00,131.46
4/14/2011 0:00,131.56
4/15/2011 0:00,132.04
4/18/2011 0:00,130.56
4/19/2011 0:00,131.31
4/20/2011 0:00,133.1
4/21/2011 0:00,133.78
4/25/2011 0:00,133.64
4/26/2011 0:00,134.791
4/27/2011 0:00,135.67
4/28/2011 0:00,136.11
4/29/2011 0:00,136.43
5/2/2011 0:00,136.22
5/3/2011 0:00,135.73
5/4/2011 0:00,134.83
5/5/2011 0:00,133.61
5/6/2011 0:00,134.2
5/9/2011 0:00,134.72
5/10/2011 0:00,135.87
5/11/2011 0:00,134.44
5/12/2011 0:00,135.08
5/13/2011 0:00,134.04
5/16/2011 0:00,133.19
5/17/2011 0:00,133.17
5/18/2011 0:00,134.36
5/19/2011 0:00,134.68
5/20/2011 0:00,133.61
5/23/2011 0:00,132.06
5/24/2011 0:00,131.95
5/25/2011 0:00,132.39
5/26/2011 0:00,133
5/27/2011 0:00,133.51
5/31/2011 0:00,134.9
6/1/2011 0:00,131.87
6/2/2011 0:00,131.73
6/3/2011 0:00,130.42
6/6/2011 0:00,129.045
6/7/2011 0:00,128.96
6/8/2011 0:00,128.42
6/9/2011 0:00,129.4
6/10/2011 0:00,127.6
6/13/2011 0:00,127.7
6/14/2011 0:00,129.32
6/15/2011 0:00,127.02
6/16/2011 0:00,127.3
6/17/2011 0:00,127.05
6/20/2011 0:00,127.7
6/21/2011 0:00,129.45
6/22/2011 0:00,128.67
6/23/2011 0:00,128.3
6/24/2011 0:00,126.81
6/27/2011 0:00,127.94
6/28/2011 0:00,129.61
6/29/2011 0:00,130.72
6/30/2011 0:00,131.97
7/1/2011 0:00,133.92
7/5/2011 0:00,133.81
7/6/2011 0:00,133.97
7/7/2011 0:00,135.36
7/8/2011 0:00,134.4
7/11/2011 0:00,131.97
7/12/2011 0:00,131.4
7/13/2011 0:00,131.84
7/14/2011 0:00,130.93
7/15/2011 0:00,131.69
7/18/2011 0:00,130.61
7/19/2011 0:00,132.73
7/20/2011 0:00,132.65
7/21/2011 0:00,134.49
7/22/2011 0:00,134.58
7/25/2011 0:00,133.83
7/26/2011 0:00,133.33
7/27/2011 0:00,130.6
7/28/2011 0:00,130.22
7/29/2011 0:00,129.33
8/1/2011 0:00,128.78
8/2/2011 0:00,125.49
8/3/2011 0:00,126.17
8/4/2011 0:00,120.26
8/5/2011 0:00,120.08
8/8/2011 0:00,112.26
8/9/2011 0:00,117.48
8/10/2011 0:00,112.29
8/11/2011 0:00,117.33
8/12/2011 0:00,118.12
8/15/2011 0:00,120.62
8/16/2011 0:00,119.59
8/17/2011 0:00,119.67
8/18/2011 0:00,114.51
8/19/2011 0:00,112.64
8/22/2011 0:00,112.73
8/23/2011 0:00,116.44
8/24/2011 0:00,118.08
8/25/2011 0:00,116.28
8/26/2011 0:00,117.97
8/29/2011 0:00,121.36
8/30/2011 0:00,121.68
8/31/2011 0:00,122.22
9/1/2011 0:00,120.94
9/2/2011 0:00,117.85
9/6/2011 0:00,116.99
9/7/2011 0:00,120.29
9/8/2011 0:00,119.04
9/9/2011 0:00,115.92
9/12/2011 0:00,116.67
9/13/2011 0:00,117.74
9/14/2011 0:00,119.37
9/15/2011 0:00,121.43
9/16/2011 0:00,121.52
9/19/2011 0:00,120.31
9/20/2011 0:00,120.17
9/21/2011 0:00,116.63
9/22/2011 0:00,112.86
9/23/2011 0:00,113.54
9/26/2011 0:00,116.24
9/27/2011 0:00,117.55
9/28/2011 0:00,115.145
9/29/2011 0:00,116.05
9/30/2011 0:00,113.15
10/3/2011 0:00,109.93
10/4/2011 0:00,112.34
10/5/2011 0:00,114.42
10/6/2011 0:00,116.49
10/7/2011 0:00,115.71
10/10/2011 0:00,119.58
10/11/2011 0:00,119.7
10/12/2011 0:00,120.75
10/13/2011 0:00,120.51
10/14/2011 0:00,122.57
10/17/2011 0:00,120.23
10/18/2011 0:00,122.58
10/19/2011 0:00,121.13
10/20/2011 0:00,121.66
10/21/2011 0:00,123.97
10/24/2011 0:00,125.49
10/25/2011 0:00,123.049
10/26/2011 0:00,124.3
10/27/2011 0:00,128.63
10/28/2011 0:00,128.6
10/31/2011 0:00,125.5
11/1/2011 0:00,122.002
11/2/2011 0:00,123.99
11/3/2011 0:00,126.25
11/4/2011 0:00,125.481
11/7/2011 0:00,126.26
11/8/2011 0:00,127.88
11/9/2011 0:00,123.161
11/10/2011 0:00,124.32
11/11/2011 0:00,126.66
11/14/2011 0:00,125.46
11/15/2011 0:00,126.083
11/16/2011 0:00,124.08
11/17/2011 0:00,122.105
11/18/2011 0:00,121.979
11/21/2011 0:00,119.661
11/22/2011 0:00,119.19
11/23/2011 0:00,116.56
11/25/2011 0:00,116.34
11/28/2011 0:00,119.71
11/29/2011 0:00,120.05
11/30/2011 0:00,124.99
12/1/2011 0:00,124.97
12/2/2011 0:00,124.86
12/5/2011 0:00,126.22
12/6/2011 0:00,126.26
12/7/2011 0:00,126.73
12/8/2011 0:00,123.95
12/9/2011 0:00,126.05
12/12/2011 0:00,124.21
12/13/2011 0:00,123.05
12/14/2011 0:00,121.74
12/15/2011 0:00,122.185
12/16/2011 0:00,121.59
12/19/2011 0:00,120.29
12/20/2011 0:00,123.93
12/21/2011 0:00,124.17
12/22/2011 0:00,125.27
12/23/2011 0:00,126.39
12/27/2011 0:00,126.49
12/28/2011 0:00,124.83
12/29/2011 0:00,126.12
12/30/2011 0:00,125.5
1/3/2012 0:00,127.495
1/4/2012 0:00,127.7
1/5/2012 0:00,128.04
1/6/2012 0:00,127.71
1/9/2012 0:00,128.02
1/10/2012 0:00,129.13
1/11/2012 0:00,129.2
1/12/2012 0:00,129.51
1/13/2012 0:00,128.84
1/17/2012 0:00,129.34
1/18/2012 0:00,130.77
1/19/2012 0:00,131.46
1/20/2012 0:00,131.54
1/23/2012 0:00,131.61
1/24/2012 0:00,131.46
1/25/2012 0:00,132.56
1/26/2012 0:00,131.88
1/27/2012 0:00,131.82
1/30/2012 0:00,131.37
1/31/2012 0:00,131.32
2/1/2012 0:00,132.47
2/2/2012 0:00,132.68
2/3/2012 0:00,134.54
2/6/2012 0:00,134.45
2/7/2012 0:00,134.79
2/8/2012 0:00,135.19
2/9/2012 0:00,135.36
2/10/2012 0:00,134.361
2/13/2012 0:00,135.36
2/14/2012 0:00,135.19
2/15/2012 0:00,134.56
2/16/2012 0:00,136.049
2/17/2012 0:00,136.41
2/21/2012 0:00,136.47
2/22/2012 0:00,136.032
2/23/2012 0:00,136.631
2/24/2012 0:00,136.93
2/27/2012 0:00,137.16
2/28/2012 0:00,137.559
2/29/2012 0:00,137.02
3/1/2012 0:00,137.73
3/2/2012 0:00,137.312
3/5/2012 0:00,136.75
3/6/2012 0:00,134.75
3/7/2012 0:00,135.69
3/8/2012 0:00,137.04
3/9/2012 0:00,137.57
3/12/2012 0:00,137.58
3/13/2012 0:00,140.062
3/14/2012 0:00,139.91
3/15/2012 0:00,140.72
3/16/2012 0:00,140.3
3/19/2012 0:00,140.85
3/20/2012 0:00,140.44
3/21/2012 0:00,140.21
3/22/2012 0:00,139.2
3/23/2012 0:00,139.65
3/26/2012 0:00,141.61
3/27/2012 0:00,141.17
3/28/2012 0:00,140.47
3/29/2012 0:00,140.23
3/30/2012 0:00,140.81
4/2/2012 0:00,141.84
4/3/2012 0:00,141.26
4/4/2012 0:00,139.86
4/5/2012 0:00,139.79
4/9/2012 0:00,138.22
4/10/2012 0:00,135.9
4/11/2012 0:00,137
4/12/2012 0:00,138.79
4/13/2012 0:00,137.14
4/16/2012 0:00,137.05
4/17/2012 0:00,139.082
4/18/2012 0:00,138.61
4/19/2012 0:00,137.72
4/20/2012 0:00,137.95
4/23/2012 0:00,136.79
4/24/2012 0:00,137.31
4/25/2012 0:00,139.19
4/26/2012 0:00,140.16
4/27/2012 0:00,140.39
4/30/2012 0:00,139.87
5/1/2012 0:00,140.74
5/2/2012 0:00,140.325
5/3/2012 0:00,139.25
5/4/2012 0:00,137
5/7/2012 0:00,137.1
5/8/2012 0:00,136.55
5/9/2012 0:00,135.74
5/10/2012 0:00,136.02
5/11/2012 0:00,135.61
5/14/2012 0:00,134.11
5/15/2012 0:00,133.34
5/16/2012 0:00,132.829
5/17/2012 0:00,130.86
5/18/2012 0:00,129.74
5/21/2012 0:00,131.97
5/22/2012 0:00,132.2
5/23/2012 0:00,132.27
5/24/2012 0:00,132.53
5/25/2012 0:00,132.1
5/29/2012 0:00,133.7
5/30/2012 0:00,131.76
5/31/2012 0:00,131.47
6/1/2012 0:00,128.16
6/4/2012 0:00,128.1
6/5/2012 0:00,129.07
6/6/2012 0:00,131.97
6/7/2012 0:00,132.05
6/8/2012 0:00,133.1
6/11/2012 0:00,131.415
6/12/2012 0:00,132.92
6/13/2012 0:00,132.07
6/14/2012 0:00,133.47
6/15/2012 0:00,134.14
6/18/2012 0:00,134.4
6/19/2012 0:00,135.7
6/20/2012 0:00,135.48
6/21/2012 0:00,132.44
6/22/2012 0:00,133.46
6/25/2012 0:00,131.32
6/26/2012 0:00,131.98
6/27/2012 0:00,133.173
6/28/2012 0:00,132.79
6/29/2012 0:00,136.105
7/2/2012 0:00,136.51
7/3/2012 0:00,137.412
7/5/2012 0:00,136.79
7/6/2012 0:00,135.49
7/9/2012 0:00,135.32
7/10/2012 0:00,134.14
7/11/2012 0:00,134.16
7/12/2012 0:00,133.51
7/13/2012 0:00,135.75
7/16/2012 0:00,135.43
7/17/2012 0:00,136.36
7/18/2012 0:00,137.37
7/19/2012 0:00,137.73
7/20/2012 0:00,136.47
7/23/2012 0:00,135.09
7/24/2012 0:00,133.925
7/25/2012 0:00,133.96
7/26/2012 0:00,136.17
7/27/2012 0:00,138.675
7/30/2012 0:00,138.68
7/31/2012 0:00,137.71
8/1/2012 0:00,137.59
8/2/2012 0:00,136.64
8/3/2012 0:00,139.349
8/6/2012 0:00,139.62
8/7/2012 0:00,140.32
8/8/2012 0:00,140.49
8/9/2012 0:00,140.61
8/10/2012 0:00,140.84
8/13/2012 0:00,140.77
8/14/2012 0:00,140.79
8/15/2012 0:00,140.95
8/16/2012 0:00,141.99
8/17/2012 0:00,142.18
8/20/2012 0:00,142.19
8/21/2012 0:00,141.76
8/22/2012 0:00,141.82
8/23/2012 0:00,140.665
8/24/2012 0:00,141.51
8/27/2012 0:00,141.54
8/28/2012 0:00,141.4
8/29/2012 0:00,141.51
8/30/2012 0:00,140.49
8/31/2012 0:00,141.16
9/4/2012 0:00,141.03
9/5/2012 0:00,140.91
9/6/2012 0:00,143.77
9/7/2012 0:00,144.33
9/10/2012 0:00,143.51
9/11/2012 0:00,143.91
9/12/2012 0:00,144.39
9/13/2012 0:00,146.59
9/14/2012 0:00,147.24
9/17/2012 0:00,146.74
9/18/2012 0:00,146.62
9/19/2012 0:00,146.7
9/20/2012 0:00,146.71
9/21/2012 0:00,145.87
9/24/2012 0:00,145.645
9/25/2012 0:00,144.1
9/26/2012 0:00,143.295
9/27/2012 0:00,144.64
9/28/2012 0:00,143.97
10/1/2012 0:00,144.345
10/2/2012 0:00,144.5
10/3/2012 0:00,145.09
10/4/2012 0:00,146.125
10/5/2012 0:00,146.14
10/8/2012 0:00,145.642
10/9/2012 0:00,144.2
10/10/2012 0:00,143.28
10/11/2012 0:00,143.36
10/12/2012 0:00,142.89
10/15/2012 0:00,144.08
10/16/2012 0:00,145.54
10/17/2012 0:00,146.2
10/18/2012 0:00,145.82
10/19/2012 0:00,143.3896
10/22/2012 0:00,143.41
10/23/2012 0:00,141.42
10/24/2012 0:00,141.02
10/25/2012 0:00,141.43
10/26/2012 0:00,141.35
10/31/2012 0:00,141.35
11/1/2012 0:00,142.83
11/2/2012 0:00,141.56
11/5/2012 0:00,141.8486
11/6/2012 0:00,142.96
11/7/2012 0:00,139.72
11/8/2012 0:00,138.04
11/9/2012 0:00,138.16
11/12/2012 0:00,138.265
11/13/2012 0:00,137.79
11/14/2012 0:00,135.9299
11/15/2012 0:00,135.7
11/16/2012 0:00,136.37
11/19/2012 0:00,139.13
11/20/2012 0:00,139.19
11/21/2012 0:00,139.45
11/23/2012 0:00,141.35
11/26/2012 0:00,141.05
11/27/2012 0:00,140.33
11/28/2012 0:00,141.46
11/29/2012 0:00,142.12
11/30/2012 0:00,142.155
12/3/2012 0:00,141.45
12/4/2012 0:00,141.25
12/5/2012 0:00,141.5
12/6/2012 0:00,141.98
12/7/2012 0:00,142.415
12/10/2012 0:00,142.473
12/11/2012 0:00,143.44
12/12/2012 0:00,143.51
12/13/2012 0:00,142.63
12/14/2012 0:00,142.1051
12/17/2012 0:00,143.77
12/18/2012 0:00,145.37
12/19/2012 0:00,144.29
12/20/2012 0:00,145.12
12/21/2012 0:00,142.79
12/24/2012 0:00,142.35
12/26/2012 0:00,141.75
12/27/2012 0:00,141.5616
12/28/2012 0:00,140.03
12/31/2012 0:00,142.41
1/2/2013 0:00,146.06
1/3/2013 0:00,145.7341
1/4/2013 0:00,146.37
1/7/2013 0:00,145.9695
1/8/2013 0:00,145.5496
1/9/2013 0:00,145.92
1/10/2013 0:00,147.08
1/11/2013 0:00,147.07
1/14/2013 0:00,146.97
1/15/2013 0:00,147.07
1/16/2013 0:00,147.05
1/17/2013 0:00,148
1/18/2013 0:00,148.33
1/22/2013 0:00,149.13
1/23/2013 0:00,149.37
1/24/2013 0:00,149.41
1/25/2013 0:00,150.25
1/28/2013 0:00,150.07
1/29/2013 0:00,150.66
1/30/2013 0:00,150.07
1/31/2013 0:00,149.7
2/1/2013 0:00,151.24
2/4/2013 0:00,149.535
2/5/2013 0:00,151.05
2/6/2013 0:00,151.16
2/7/2013 0:00,150.96
2/8/2013 0:00,151.8
2/11/2013 0:00,151.77
2/12/2013 0:00,152.02
2/13/2013 0:00,152.151
2/14/2013 0:00,152.29
2/15/2013 0:00,152.11
2/19/2013 0:00,153.25
2/20/2013 0:00,151.34
2/21/2013 0:00,150.42
2/22/2013 0:00,151.89
2/25/2013 0:00,149
2/26/2013 0:00,150.02
2/27/2013 0:00,151.91
2/28/2013 0:00,151.61
3/1/2013 0:00,152.11
3/4/2013 0:00,152.92
3/5/2013 0:00,154.29
3/6/2013 0:00,154.5
3/7/2013 0:00,154.776
3/8/2013 0:00,155.44
3/11/2013 0:00,156.03
3/12/2013 0:00,155.68
3/13/2013 0:00,155.905
3/14/2013 0:00,156.73
3/15/2013 0:00,155.83
3/18/2013 0:00,154.97
3/19/2013 0:00,154.61
3/20/2013 0:00,155.69
3/21/2013 0:00,154.359
3/22/2013 0:00,155.6
3/25/2013 0:00,154.95
3/26/2013 0:00,156.19
3/27/2013 0:00,156.19
3/28/2013 0:00,156.67
4/1/2013 0:00,156.05
4/2/2013 0:00,156.82
4/3/2013 0:00,155.23
4/4/2013 0:00,155.86
4/5/2013 0:00,155.158
4/8/2013 0:00,156.21
4/9/2013 0:00,156.75
4/10/2013 0:00,158.67
4/11/2013 0:00,159.19
4/12/2013 0:00,158.8
4/15/2013 0:00,155.118
4/16/2013 0:00,157.41
4/17/2013 0:00,155.11
4/18/2013 0:00,154.14
4/19/2013 0:00,155.48
4/22/2013 0:00,156.17
4/23/2013 0:00,157.78
4/24/2013 0:00,157.88
4/25/2013 0:00,158.52
4/26/2013 0:00,158.24
4/29/2013 0:00,159.3
4/30/2013 0:00,159.68
5/1/2013 0:00,158.28
5/2/2013 0:00,159.75
5/3/2013 0:00,161.368
5/6/2013 0:00,161.78
5/7/2013 0:00,162.5999
5/8/2013 0:00,163.34
5/9/2013 0:00,162.881
5/10/2013 0:00,163.41
5/13/2013 0:00,163.54
5/14/2013 0:00,165.23
5/15/2013 0:00,166.115
5/16/2013 0:00,165.34
5/17/2013 0:00,166.94
5/20/2013 0:00,166.93
5/21/2013 0:00,167.17
5/22/2013 0:00,165.93
5/23/2013 0:00,165.45
5/24/2013 0:00,165.308
5/28/2013 0:00,166.3
5/29/2013 0:00,165.22
5/30/2013 0:00,165.83
5/31/2013 0:00,163.445
6/3/2013 0:00,164.35
6/4/2013 0:00,163.56
6/5/2013 0:00,161.272
6/6/2013 0:00,162.73
6/7/2013 0:00,164.8
6/10/2013 0:00,164.8
6/11/2013 0:00,163.098
6/12/2013 0:00,161.75
6/13/2013 0:00,164.21
6/14/2013 0:00,163.175
6/17/2013 0:00,164.44
6/18/2013 0:00,165.735
6/19/2013 0:00,163.45
6/20/2013 0:00,159.4
6/21/2013 0:00,159.07
6/24/2013 0:00,157.06
6/25/2013 0:00,158.575
6/26/2013 0:00,160.14
6/27/2013 0:00,161.08
6/28/2013 0:00,160.42
7/1/2013 0:00,161.36
7/2/2013 0:00,161.21
7/3/2013 0:00,161.28
7/5/2013 0:00,163.02
7/8/2013 0:00,163.945
7/9/2013 0:00,165.13
7/10/2013 0:00,165.192
7/11/2013 0:00,167.44
7/12/2013 0:00,167.51
7/15/2013 0:00,168.155
7/16/2013 0:00,167.525
7/17/2013 0:00,167.9501
7/18/2013 0:00,168.87
7/19/2013 0:00,169.17
7/22/2013 0:00,169.5
7/23/2013 0:00,169.14
7/24/2013 0:00,168.52
7/25/2013 0:00,168.93
7/26/2013 0:00,169.11
7/29/2013 0:00,168.59
7/30/2013 0:00,168.588
7/31/2013 0:00,168.71
8/1/2013 0:00,170.66
8/2/2013 0:00,170.95
8/5/2013 0:00,170.7
8/6/2013 0:00,169.73
8/7/2013 0:00,169.18
8/8/2013 0:00,169.8
8/9/2013 0:00,169.31
8/12/2013 0:00,169.111
8/13/2013 0:00,169.61
8/14/2013 0:00,168.74
8/15/2013 0:00,166.38
8/16/2013 0:00,165.83
8/19/2013 0:00,164.77
8/20/2013 0:00,165.58
8/21/2013 0:00,164.56
8/22/2013 0:00,166.06
8/23/2013 0:00,166.62
8/26/2013 0:00,166
8/27/2013 0:00,163.33
8/28/2013 0:00,163.91
8/29/2013 0:00,164.17
8/30/2013 0:00,163.65
9/3/2013 0:00,164.39
9/4/2013 0:00,165.75
9/5/2013 0:00,165.96
9/6/2013 0:00,166.04
9/9/2013 0:00,167.634
9/10/2013 0:00,168.87
9/11/2013 0:00,169.4
9/12/2013 0:00,168.95
9/13/2013 0:00,169.33
9/16/2013 0:00,170.31
9/17/2013 0:00,171.07
9/18/2013 0:00,173.051
9/19/2013 0:00,172.76
9/20/2013 0:00,170.72
9/23/2013 0:00,169.93
9/24/2013 0:00,169.53
9/25/2013 0:00,169.04
9/26/2013 0:00,169.69
9/27/2013 0:00,168.909
9/30/2013 0:00,168.01
10/1/2013 0:00,169.34
10/2/2013 0:00,169.18
10/3/2013 0:00,167.62
10/4/2013 0:00,168.89
10/7/2013 0:00,167.43
10/8/2013 0:00,165.48
10/9/2013 0:00,165.6
10/10/2013 0:00,169.17
10/11/2013 0:00,170.26
10/14/2013 0:00,170.94
10/15/2013 0:00,169.7
10/16/2013 0:00,172.07
10/17/2013 0:00,173.22
10/18/2013 0:00,174.39
10/21/2013 0:00,174.4
10/22/2013 0:00,175.41
10/23/2013 0:00,174.57
10/24/2013 0:00,175.15
10/25/2013 0:00,175.95
10/28/2013 0:00,176.23
10/29/2013 0:00,177.17
10/30/2013 0:00,176.29
10/31/2013 0:00,175.79
11/1/2013 0:00,176.21
11/4/2013 0:00,176.83
11/5/2013 0:00,176.27
11/6/2013 0:00,177.17
11/7/2013 0:00,174.93
11/8/2013 0:00,177.29
11/11/2013 0:00,177.32
11/12/2013 0:00,176.96
11/13/2013 0:00,178.38
11/14/2013 0:00,179.27
11/15/2013 0:00,180.05
11/18/2013 0:00,179.42
11/19/2013 0:00,179.03
11/20/2013 0:00,178.47
11/21/2013 0:00,179.91
11/22/2013 0:00,180.81
11/25/2013 0:00,180.63
11/26/2013 0:00,180.68
11/27/2013 0:00,181.12
11/29/2013 0:00,181
12/2/2013 0:00,180.53
12/3/2013 0:00,179.75
12/4/2013 0:00,179.73
12/5/2013 0:00,178.94
12/6/2013 0:00,180.94
12/9/2013 0:00,181.4
12/10/2013 0:00,180.75
12/11/2013 0:00,178.72
12/12/2013 0:00,178.13
12/13/2013 0:00,178.11
12/16/2013 0:00,179.216
12/17/2013 0:00,178.65
12/18/2013 0:00,181.7
12/19/2013 0:00,181.49
12/20/2013 0:00,181.61
12/23/2013 0:00,182.53
12/24/2013 0:00,182.93
12/26/2013 0:00,183.855
12/27/2013 0:00,183.85
12/30/2013 0:00,183.82
12/31/2013 0:00,184.69
1/2/2014 0:00,182.92
1/3/2014 0:00,182.885
1/6/2014 0:00,182.36
1/7/2014 0:00,183.48
1/8/2014 0:00,183.52
1/9/2014 0:00,183.64
1/10/2014 0:00,184.14
1/13/2014 0:00,181.685
1/14/2014 0:00,183.72
1/15/2014 0:00,184.66
1/16/2014 0:00,184.42
1/17/2014 0:00,183.635
1/21/2014 0:00,184.18
1/22/2014 0:00,184.3
1/23/2014 0:00,182.79
1/24/2014 0:00,178.89
1/27/2014 0:00,178.01
1/28/2014 0:00,179.07
1/29/2014 0:00,177.35
1/30/2014 0:00,179.23
1/31/2014 0:00,178.18
2/3/2014 0:00,174.17
2/4/2014 0:00,175.385
2/5/2014 0:00,175.17
2/6/2014 0:00,177.48
2/7/2014 0:00,179.68
2/10/2014 0:00,180.01
2/11/2014 0:00,181.98
2/12/2014 0:00,182.07
2/13/2014 0:00,183.01
2/14/2014 0:00,184.02
2/18/2014 0:00,184.24
2/19/2014 0:00,183.02
2/20/2014 0:00,184.1
2/21/2014 0:00,183.89
2/24/2014 0:00,184.91
2/25/2014 0:00,184.84
2/26/2014 0:00,184.85
2/27/2014 0:00,185.82
2/28/2014 0:00,186.29
3/3/2014 0:00,184.98
3/4/2014 0:00,187.58
3/5/2014 0:00,187.75
3/6/2014 0:00,188.18
3/7/2014 0:00,188.26
3/10/2014 0:00,188.16
3/11/2014 0:00,187.23
3/12/2014 0:00,187.28
3/13/2014 0:00,185.18
3/14/2014 0:00,184.66
3/17/2014 0:00,186.33
3/18/2014 0:00,187.66
3/19/2014 0:00,186.66
3/20/2014 0:00,187.747
3/21/2014 0:00,186.2
3/24/2014 0:00,185.43
3/25/2014 0:00,186.31
3/26/2014 0:00,184.97
3/27/2014 0:00,184.58
3/28/2014 0:00,185.49
3/31/2014 0:00,187.01
4/1/2014 0:00,188.25
4/2/2014 0:00,188.88
4/3/2014 0:00,188.63
4/4/2014 0:00,186.4
4/7/2014 0:00,184.34
4/8/2014 0:00,185.1
4/9/2014 0:00,187.09
4/10/2014 0:00,183.155
4/11/2014 0:00,181.51
4/14/2014 0:00,182.9401
4/15/2014 0:00,184.2
4/16/2014 0:00,186.125
4/17/2014 0:00,186.39
4/21/2014 0:00,187.04
4/22/2014 0:00,187.89
4/23/2014 0:00,187.45
4/24/2014 0:00,187.83
4/25/2014 0:00,186.29
4/28/2014 0:00,186.875
4/29/2014 0:00,187.75
4/30/2014 0:00,188.31
5/1/2014 0:00,188.325
5/2/2014 0:00,188.06
5/5/2014 0:00,188.42
5/6/2014 0:00,186.78
5/7/2014 0:00,187.88
5/8/2014 0:00,187.675
5/9/2014 0:00,187.96
5/12/2014 0:00,189.785
5/13/2014 0:00,189.96
5/14/2014 0:00,189.06
5/15/2014 0:00,187.4
5/16/2014 0:00,188.05
5/19/2014 0:00,188.74
5/20/2014 0:00,187.55
5/21/2014 0:00,189.13
5/22/2014 0:00,189.59
5/23/2014 0:00,190.35
5/27/2014 0:00,191.52
5/28/2014 0:00,191.38
5/29/2014 0:00,192.37
5/30/2014 0:00,192.68
6/2/2014 0:00,192.895
6/3/2014 0:00,192.8
6/4/2014 0:00,193.19
6/5/2014 0:00,194.45
6/6/2014 0:00,195.375
6/9/2014 0:00,195.58
6/10/2014 0:00,195.6
6/11/2014 0:00,194.92
6/12/2014 0:00,193.54
6/13/2014 0:00,194.13
6/16/2014 0:00,194.29
6/17/2014 0:00,194.83
6/18/2014 0:00,196.255
6/19/2014 0:00,196.48
6/20/2014 0:00,195.94
6/23/2014 0:00,195.88
6/24/2014 0:00,194.7
6/25/2014 0:00,195.58
6/26/2014 0:00,195.44
6/27/2014 0:00,195.82
6/30/2014 0:00,195.72
7/1/2014 0:00,197.03
7/2/2014 0:00,197.23
7/3/2014 0:00,198.2
7/7/2014 0:00,197.51
7/8/2014 0:00,196.24
7/9/2014 0:00,197.12
7/10/2014 0:00,196.34
7/11/2014 0:00,196.61
7/14/2014 0:00,197.6
7/15/2014 0:00,197.23
7/16/2014 0:00,197.96
7/17/2014 0:00,195.71
7/18/2014 0:00,197.7099
7/21/2014 0:00,197.34
7/22/2014 0:00,198.2
7/23/2014 0:00,198.64
7/24/2014 0:00,198.65
7/25/2014 0:00,197.72
7/28/2014 0:00,197.8
7/29/2014 0:00,196.95
7/30/2014 0:00,196.98
7/31/2014 0:00,193.09
8/1/2014 0:00,192.5
8/4/2014 0:00,193.89
8/5/2014 0:00,192.01
8/6/2014 0:00,192.07
8/7/2014 0:00,191.03
8/8/2014 0:00,193.24
8/11/2014 0:00,193.795
8/12/2014 0:00,193.53
8/13/2014 0:00,194.84
8/14/2014 0:00,195.76
8/15/2014 0:00,195.72
8/18/2014 0:00,197.36
8/19/2014 0:00,198.39
8/20/2014 0:00,198.92
8/21/2014 0:00,199.5
8/22/2014 0:00,199.19
8/25/2014 0:00,200.2
8/26/2014 0:00,200.33
8/27/2014 0:00,200.25
8/28/2014 0:00,200.14
8/29/2014 0:00,200.71
9/2/2014 0:00,200.61
9/3/2014 0:00,200.5
9/4/2014 0:00,200.2101
9/5/2014 0:00,201.11
9/8/2014 0:00,200.59
9/9/2014 0:00,199.32
9/10/2014 0:00,200.07
9/11/2014 0:00,200.3
9/12/2014 0:00,199.13
9/15/2014 0:00,198.981
9/16/2014 0:00,200.48
9/17/2014 0:00,200.75
9/18/2014 0:00,201.82
9/19/2014 0:00,200.7
9/22/2014 0:00,199.15
9/23/2014 0:00,198.01
9/24/2014 0:00,199.56
9/25/2014 0:00,196.34
9/26/2014 0:00,197.9
9/29/2014 0:00,197.54
9/30/2014 0:00,197.02
10/1/2014 0:00,194.35
10/2/2014 0:00,194.38
10/3/2014 0:00,196.52
10/6/2014 0:00,196.29
10/7/2014 0:00,193.26
10/8/2014 0:00,196.64
10/9/2014 0:00,192.74
10/10/2014 0:00,190.54
10/13/2014 0:00,187.4099
10/14/2014 0:00,187.7
10/15/2014 0:00,186.43
10/16/2014 0:00,186.27
10/17/2014 0:00,188.47
10/20/2014 0:00,190.3
10/21/2014 0:00,194.07
10/22/2014 0:00,192.69
10/23/2014 0:00,194.93
10/24/2014 0:00,196.43
10/27/2014 0:00,196.16
10/28/2014 0:00,198.41
10/29/2014 0:00,198.11
10/30/2014 0:00,199.38
10/31/2014 0:00,201.66
11/3/2014 0:00,201.77
11/4/2014 0:00,201.07
11/5/2014 0:00,202.34
11/6/2014 0:00,203.15
11/7/2014 0:00,203.34
11/10/2014 0:00,203.98
11/11/2014 0:00,204.175
11/12/2014 0:00,203.96
11/13/2014 0:00,204.19
11/14/2014 0:00,204.24
11/17/2014 0:00,204.37
11/18/2014 0:00,205.55
11/19/2014 0:00,205.22
11/20/2014 0:00,205.58
11/21/2014 0:00,206.68
11/24/2014 0:00,207.26
11/25/2014 0:00,207.11
11/26/2014 0:00,207.64
11/28/2014 0:00,207.2
12/1/2014 0:00,205.76
12/2/2014 0:00,207.085
12/3/2014 0:00,207.89
12/4/2014 0:00,207.66
12/5/2014 0:00,208
12/8/2014 0:00,206.61
12/9/2014 0:00,206.47
12/10/2014 0:00,203.1601
12/11/2014 0:00,204.19
12/12/2014 0:00,200.89
12/15/2014 0:00,199.51
12/16/2014 0:00,197.91
12/17/2014 0:00,201.79
12/18/2014 0:00,206.78
12/19/2014 0:00,206.52
12/22/2014 0:00,207.47
12/23/2014 0:00,207.75
12/24/2014 0:00,207.77
12/26/2014 0:00,208.44
12/29/2014 0:00,208.72
12/30/2014 0:00,207.6
12/31/2014 0:00,205.54
1/2/2015 0:00,205.43
1/5/2015 0:00,201.72
1/6/2015 0:00,199.82
1/7/2015 0:00,202.31
1/8/2015 0:00,205.9
1/9/2015 0:00,204.25
1/12/2015 0:00,202.65
1/13/2015 0:00,202.08
1/14/2015 0:00,200.86
1/15/2015 0:00,199.0199
1/16/2015 0:00,201.63
1/20/2015 0:00,202.055
1/21/2015 0:00,203.08
1/22/2015 0:00,206.1
1/23/2015 0:00,204.97
1/26/2015 0:00,205.45
1/27/2015 0:00,202.74
1/28/2015 0:00,200.14
1/29/2015 0:00,201.9902
1/30/2015 0:00,199.45
2/2/2015 0:00,201.92
2/3/2015 0:00,204.84
2/4/2015 0:00,204.06
2/5/2015 0:00,206.12
2/6/2015 0:00,205.55
2/9/2015 0:00,204.63
2/10/2015 0:00,206.81
2/11/2015 0:00,206.93
2/12/2015 0:00,208.92
2/13/2015 0:00,209.78
2/17/2015 0:00,210.11
2/18/2015 0:00,210.13
2/19/2015 0:00,209.98
2/20/2015 0:00,211.239
2/23/2015 0:00,211.209
2/24/2015 0:00,211.81
2/25/2015 0:00,211.63
2/26/2015 0:00,211.38
2/27/2015 0:00,210.66
3/2/2015 0:00,211.99
3/3/2015 0:00,211.12
3/4/2015 0:00,210.2301
3/5/2015 0:00,210.46
3/6/2015 0:00,207.5
3/9/2015 0:00,208.36
3/10/2015 0:00,204.98
3/11/2015 0:00,204.5
3/12/2015 0:00,207.1
3/13/2015 0:00,205.8272
3/16/2015 0:00,208.58
3/17/2015 0:00,207.96
3/18/2015 0:00,210.46
3/19/2015 0:00,209.5
3/20/2015 0:00,210.41
3/23/2015 0:00,210
3/24/2015 0:00,208.82
3/25/2015 0:00,205.76
3/26/2015 0:00,205.27
3/27/2015 0:00,205.74
3/30/2015 0:00,208.25
3/31/2015 0:00,206.43
4/1/2015 0:00,205.7
4/2/2015 0:00,206.435
4/6/2015 0:00,207.83
4/7/2015 0:00,207.28
4/8/2015 0:00,207.975
4/9/2015 0:00,208.9
4/10/2015 0:00,210.04
4/13/2015 0:00,209.09
4/14/2015 0:00,209.49
4/15/2015 0:00,210.43
4/16/2015 0:00,210.37
4/17/2015 0:00,207.95
4/20/2015 0:00,209.85
4/21/2015 0:00,209.6
4/22/2015 0:00,210.63
4/23/2015 0:00,211.16
4/24/2015 0:00,211.6499
4/27/2015 0:00,210.77
4/28/2015 0:00,211.44
4/29/2015 0:00,210.57
4/30/2015 0:00,208.46
5/1/2015 0:00,210.72
5/4/2015 0:00,211.32
5/5/2015 0:00,208.9
5/6/2015 0:00,208.04
5/7/2015 0:00,208.87
5/8/2015 0:00,211.62
5/11/2015 0:00,210.605
5/12/2015 0:00,209.98
5/13/2015 0:00,210.02
5/14/2015 0:00,212.21
5/15/2015 0:00,212.44
5/18/2015 0:00,213.1
5/19/2015 0:00,213.03
5/20/2015 0:00,212.88
5/21/2015 0:00,213.5
5/22/2015 0:00,212.99
5/26/2015 0:00,210.7
5/27/2015 0:00,212.7
5/28/2015 0:00,212.46
5/29/2015 0:00,211.14
6/1/2015 0:00,211.57
6/2/2015 0:00,211.36
6/3/2015 0:00,211.92
6/4/2015 0:00,210.1292
6/5/2015 0:00,209.77
6/8/2015 0:00,208.42
6/9/2015 0:00,208.45
6/10/2015 0:00,210.96
6/11/2015 0:00,211.65
6/12/2015 0:00,209.93
6/15/2015 0:00,209.1
6/16/2015 0:00,210.25
6/17/2015 0:00,210.59
6/18/2015 0:00,212.71
6/19/2015 0:00,210.5
6/22/2015 0:00,211.89
6/23/2015 0:00,212.05
6/24/2015 0:00,210.51
6/25/2015 0:00,209.83
6/26/2015 0:00,209.9
6/29/2015 0:00,205.47
6/30/2015 0:00,205.89
7/1/2015 0:00,207.57
7/2/2015 0:00,207.32
7/6/2015 0:00,206.67
7/7/2015 0:00,208.01
7/8/2015 0:00,204.53
7/9/2015 0:00,204.8
7/10/2015 0:00,207.48
7/13/2015 0:00,209.76
7/14/2015 0:00,210.72
7/15/2015 0:00,210.63
7/16/2015 0:00,212.27
7/17/2015 0:00,212.47
7/20/2015 0:00,212.62
7/21/2015 0:00,211.76
7/22/2015 0:00,211.29
7/23/2015 0:00,210.14
7/24/2015 0:00,207.94
7/27/2015 0:00,206.74
7/28/2015 0:00,209.31
7/29/2015 0:00,210.77
7/30/2015 0:00,210.82
7/31/2015 0:00,210.45
8/3/2015 0:00,209.73
8/4/2015 0:00,209.32
8/5/2015 0:00,210.1
8/6/2015 0:00,208.35
8/7/2015 0:00,207.92
8/10/2015 0:00,210.63
8/11/2015 0:00,208.66
8/12/2015 0:00,208.83
8/13/2015 0:00,208.7
8/14/2015 0:00,209.36
8/17/2015 0:00,210.56
8/18/2015 0:00,209.93
8/19/2015 0:00,208.28
8/20/2015 0:00,204.01
8/21/2015 0:00,197.63
8/24/2015 0:00,189.55
8/25/2015 0:00,187.23
8/26/2015 0:00,194.68
8/27/2015 0:00,199.16
8/28/2015 0:00,199.24
8/31/2015 0:00,197.54
9/1/2015 0:00,191.92
9/2/2015 0:00,195.36
9/3/2015 0:00,195.65
9/4/2015 0:00,192.56
9/8/2015 0:00,197.46
9/9/2015 0:00,194.758
9/10/2015 0:00,195.85
9/11/2015 0:00,196.81
9/14/2015 0:00,195.98
9/15/2015 0:00,198.4508
9/16/2015 0:00,200.14
9/17/2015 0:00,199.7008
9/18/2015 0:00,195.36
9/21/2015 0:00,196.4401
9/22/2015 0:00,193.9
9/23/2015 0:00,193.6
9/24/2015 0:00,192.93
9/25/2015 0:00,192.87
9/28/2015 0:00,187.91
9/29/2015 0:00,188.08
9/30/2015 0:00,191.59
10/1/2015 0:00,192.16
10/2/2015 0:00,194.99
10/5/2015 0:00,198.48
10/6/2015 0:00,197.81
10/7/2015 0:00,199.43
10/8/2015 0:00,201.2
10/9/2015 0:00,201.4
10/12/2015 0:00,201.5901
10/13/2015 0:00,200.18
10/14/2015 0:00,199.3
10/15/2015 0:00,202.29
10/16/2015 0:00,203.27
10/19/2015 0:00,203.32
10/20/2015 0:00,203.09
10/21/2015 0:00,201.87
10/22/2015 0:00,205.21
10/23/2015 0:00,207.52
10/26/2015 0:00,206.99
10/27/2015 0:00,206.569
10/28/2015 0:00,208.9408
10/29/2015 0:00,208.89
10/30/2015 0:00,207.87
11/2/2015 0:00,210.33
11/3/2015 0:00,210.95
11/4/2015 0:00,210.38
11/5/2015 0:00,210.12
11/6/2015 0:00,210.04
11/9/2015 0:00,208.05
11/10/2015 0:00,208.55
11/11/2015 0:00,207.67
11/12/2015 0:00,204.84
11/13/2015 0:00,202.54
11/16/2015 0:00,205.62
11/17/2015 0:00,205.47
11/18/2015 0:00,208.73
11/19/2015 0:00,208.55
11/20/2015 0:00,209.3108
11/23/2015 0:00,209.07
11/24/2015 0:00,209.35
11/25/2015 0:00,209.32
11/27/2015 0:00,209.56
11/30/2015 0:00,208.69
12/1/2015 0:00,210.68
12/2/2015 0:00,208.529
12/3/2015 0:00,205.61
12/4/2015 0:00,209.62
12/7/2015 0:00,208.35
12/8/2015 0:00,206.949
12/9/2015 0:00,205.34
12/10/2015 0:00,205.87
12/11/2015 0:00,201.88
12/14/2015 0:00,202.9008
12/15/2015 0:00,205.0308
12/16/2015 0:00,208.03
12/17/2015 0:00,204.86
12/18/2015 0:00,200.0208
12/21/2015 0:00,201.67
12/22/2015 0:00,203.5
12/23/2015 0:00,206.02
12/24/2015 0:00,205.68
12/28/2015 0:00,205.21
12/29/2015 0:00,207.4
12/30/2015 0:00,205.93
12/31/2015 0:00,203.87
1/4/2016 0:00,201.0192
1/5/2016 0:00,201.36
1/6/2016 0:00,198.82
1/7/2016 0:00,194.05
1/8/2016 0:00,191.923
1/11/2016 0:00,192.11
1/12/2016 0:00,193.6608
1/13/2016 0:00,188.83
1/14/2016 0:00,191.93
1/15/2016 0:00,187.81
1/19/2016 0:00,188.06
1/20/2016 0:00,185.65
1/21/2016 0:00,186.69
1/22/2016 0:00,190.52
1/25/2016 0:00,187.64
1/26/2016 0:00,190.2
1/27/2016 0:00,188.13
1/28/2016 0:00,189.11
1/29/2016 0:00,193.7208
2/1/2016 0:00,193.65
2/2/2016 0:00,190.16
2/3/2016 0:00,191.3
2/4/2016 0:00,191.6
2/5/2016 0:00,187.95
2/8/2016 0:00,185.42
2/9/2016 0:00,185.43
2/10/2016 0:00,185.27
2/11/2016 0:00,182.86
2/12/2016 0:00,186.63
2/16/2016 0:00,189.78
2/17/2016 0:00,192.88
2/18/2016 0:00,192.09
2/19/2016 0:00,192
2/22/2016 0:00,194.78
2/23/2016 0:00,192.32
2/24/2016 0:00,193.2
2/25/2016 0:00,195.54
2/26/2016 0:00,195.0892
2/29/2016 0:00,193.35
3/1/2016 0:00,198.11
3/2/2016 0:00,199
3/3/2016 0:00,199.775
3/4/2016 0:00,200.43
3/7/2016 0:00,200.59
3/8/2016 0:00,198.4
3/9/2016 0:00,199.38
3/10/2016 0:00,199.54
3/11/2016 0:00,202.76
3/14/2016 0:00,202.5
3/15/2016 0:00,202.17
3/16/2016 0:00,203.34
3/17/2016 0:00,204.63
3/18/2016 0:00,204.38
3/21/2016 0:00,204.67
3/22/2016 0:00,204.56
3/23/2016 0:00,203.2092
3/24/2016 0:00,203.12
3/28/2016 0:00,203.24
3/29/2016 0:00,205.1208
3/30/2016 0:00,206.02
3/31/2016 0:00,205.52
4/1/2016 0:00,206.92
4/4/2016 0:00,206.25
4/5/2016 0:00,204.1892
4/6/2016 0:00,206.42
4/7/2016 0:00,203.95
4/8/2016 0:00,204.4992
4/11/2016 0:00,204.0201
4/12/2016 0:00,205.92
4/13/2016 0:00,208.0008
4/14/2016 0:00,208.01
4/15/2016 0:00,207.78
4/18/2016 0:00,209.2392
4/19/2016 0:00,209.9
4/20/2016 0:00,210.1
4/21/2016 0:00,208.97
4/22/2016 0:00,208.97
4/25/2016 0:00,208.61
4/26/2016 0:00,208.9192
4/27/2016 0:00,209.35
4/28/2016 0:00,207.4475
4/29/2016 0:00,206.3308
5/2/2016 0:00,207.97
5/3/2016 0:00,206.1592
5/4/2016 0:00,205.01
5/5/2016 0:00,204.97
5/6/2016 0:00,205.72
5/9/2016 0:00,205.8892
5/10/2016 0:00,208.45
5/11/2016 0:00,206.5
5/12/2016 0:00,206.56
5/13/2016 0:00,204.76
5/16/2016 0:00,206.78
5/17/2016 0:00,204.8508
5/18/2016 0:00,204.91
5/19/2016 0:00,204.2
5/20/2016 0:00,205.49
5/23/2016 0:00,205.21
5/24/2016 0:00,207.87
5/25/2016 0:00,209.28
5/26/2016 0:00,209.34
5/27/2016 0:00,210.24
5/31/2016 0:00,209.84
6/1/2016 0:00,210.27
6/2/2016 0:00,210.91
6/3/2016 0:00,210.28
6/6/2016 0:00,211.35
6/7/2016 0:00,211.68
6/8/2016 0:00,212.37
6/9/2016 0:00,212.08
6/10/2016 0:00,210.07
6/13/2016 0:00,208.4492
6/14/2016 0:00,208.04
6/15/2016 0:00,207.75
6/16/2016 0:00,208.37
6/17/2016 0:00,206.52
6/20/2016 0:00,207.85
6/21/2016 0:00,208.44
6/22/2016 0:00,208.1
6/23/2016 0:00,210.81
6/24/2016 0:00,203.2425
6/27/2016 0:00,199.6
6/28/2016 0:00,203.1997
6/29/2016 0:00,206.66
6/30/2016 0:00,209.475
7/1/2016 0:00,209.9208
7/5/2016 0:00,208.41
7/6/2016 0:00,209.66
7/7/2016 0:00,209.526
7/8/2016 0:00,212.65
7/11/2016 0:00,213.4
7/12/2016 0:00,214.95
7/13/2016 0:00,214.92
7/14/2016 0:00,216.12
7/15/2016 0:00,215.83
7/18/2016 0:00,216.4092
7/19/2016 0:00,216.19
7/20/2016 0:00,217.085
7/21/2016 0:00,216.265
7/22/2016 0:00,217.24
7/25/2016 0:00,216.65
7/26/2016 0:00,216.75
7/27/2016 0:00,216.52
7/28/2016 0:00,216.77
7/29/2016 0:00,217.12
8/1/2016 0:00,216.94
8/2/2016 0:00,215.5492
8/3/2016 0:00,216.18
8/4/2016 0:00,216.4097
8/5/2016 0:00,218.18
8/8/2016 0:00,218.05
8/9/2016 0:00,218.18
8/10/2016 0:00,217.64
8/11/2016 0:00,218.65
8/12/2016 0:00,218.46
8/15/2016 0:00,219.09
8/16/2016 0:00,217.96
8/17/2016 0:00,218.37
8/18/2016 0:00,218.86
8/19/2016 0:00,218.54
8/22/2016 0:00,218.53
8/23/2016 0:00,218.97
8/24/2016 0:00,217.85
8/25/2016 0:00,217.7
8/26/2016 0:00,217.29
8/29/2016 0:00,218.3608
8/30/2016 0:00,218
8/31/2016 0:00,217.38
9/1/2016 0:00,217.39
9/2/2016 0:00,218.37
9/6/2016 0:00,219.0308
9/7/2016 0:00,219.01
9/8/2016 0:00,218.51
9/9/2016 0:00,213.28
9/12/2016 0:00,216.34
9/13/2016 0:00,213.23
9/14/2016 0:00,213.13
9/15/2016 0:00,215.27
9/16/2016 0:00,213.36
9/19/2016 0:00,213.3992
9/20/2016 0:00,213.45
9/21/2016 0:00,215.78
9/22/2016 0:00,217.18
9/23/2016 0:00,216.02
9/26/2016 0:00,214.2
9/27/2016 0:00,215.56
9/28/2016 0:00,216.62
9/29/2016 0:00,214.75
9/30/2016 0:00,216.35
10/3/2016 0:00,215.7
10/4/2016 0:00,214.65
10/5/2016 0:00,215.66
10/6/2016 0:00,215.83
10/7/2016 0:00,215.03
10/10/2016 0:00,216.0808
10/11/2016 0:00,213.44
10/12/2016 0:00,213.67
10/13/2016 0:00,213.07
10/14/2016 0:00,213.06
10/17/2016 0:00,212.43
10/18/2016 0:00,213.67
10/19/2016 0:00,214.2203
10/20/2016 0:00,213.9
10/21/2016 0:00,213.89
10/24/2016 0:00,214.86
10/25/2016 0:00,214.19
10/26/2016 0:00,213.78
10/27/2016 0:00,213.175
10/28/2016 0:00,212.5
10/31/2016 0:00,212.56
11/1/2016 0:00,211.02
11/2/2016 0:00,209.71
11/3/2016 0:00,208.84
11/4/2016 0:00,208.56
11/7/2016 0:00,213.15
11/8/2016 0:00,214.07
11/9/2016 0:00,216.3792
11/10/2016 0:00,216.94
11/11/2016 0:00,216.45
11/14/2016 0:00,216.57
11/15/2016 0:00,218.25
11/16/2016 0:00,217.9392
11/17/2016 0:00,218.94
11/18/2016 0:00,218.48
11/21/2016 0:00,220.12
11/22/2016 0:00,220.57
11/23/2016 0:00,220.71
11/25/2016 0:00,221.52
11/28/2016 0:00,220.54
11/29/2016 0:00,220.88
11/30/2016 0:00,220.39
12/1/2016 0:00,219.5608
12/2/2016 0:00,219.6108
12/5/2016 0:00,220.94
12/6/2016 0:00,221.66
12/7/2016 0:00,224.55
12/8/2016 0:00,225.13
12/9/2016 0:00,226.53
12/12/2016 0:00,226.22
12/13/2016 0:00,227.69
12/14/2016 0:00,225.92
12/15/2016 0:00,226.77
12/16/2016 0:00,225.05
12/19/2016 0:00,225.5
12/20/2016 0:00,226.38
12/21/2016 0:00,225.7903
12/22/2016 0:00,225.44
12/23/2016 0:00,225.7
12/27/2016 0:00,226.25
12/28/2016 0:00,224.43
12/29/2016 0:00,224.33
12/30/2016 0:00,223.52
1/3/2017 0:00,225.14
1/4/2017 0:00,226.53
1/5/2017 0:00,226.34
1/6/2017 0:00,227.25
1/9/2017 0:00,226.52
1/10/2017 0:00,226.48
1/11/2017 0:00,227.0308
1/12/2017 0:00,226.5508
1/13/2017 0:00,227.04
1/17/2017 0:00,226.28
1/18/2017 0:00,226.75
1/19/2017 0:00,226.01
1/20/2017 0:00,226.74
1/23/2017 0:00,226.74
1/24/2017 0:00,227.6008
1/25/2017 0:00,229.55
1/26/2017 0:00,229.33
1/27/2017 0:00,228.99
1/30/2017 0:00,227.6
1/31/2017 0:00,227.51
2/1/2017 0:00,227.65
2/2/2017 0:00,227.77
2/3/2017 0:00,229.35
2/6/2017 0:00,228.97
2/7/2017 0:00,228.96
2/8/2017 0:00,229.24
2/9/2017 0:00,230.57
2/10/2017 0:00,231.49
2/13/2017 0:00,232.6803
2/14/2017 0:00,233.7097
2/15/2017 0:00,234.89
2/16/2017 0:00,234.74
2/17/2017 0:00,235.04
2/21/2017 0:00,236.44
2/22/2017 0:00,236.29
2/23/2017 0:00,236.44
2/24/2017 0:00,236.77
2/27/2017 0:00,237.09
2/28/2017 0:00,236.5
3/1/2017 0:00,239.7408
3/2/2017 0:00,238.3
3/3/2017 0:00,238.43
3/6/2017 0:00,237.7892
3/7/2017 0:00,237
3/8/2017 0:00,236.59
3/9/2017 0:00,236.83
3/10/2017 0:00,237.66
3/13/2017 0:00,237.8
3/14/2017 0:00,236.94
3/15/2017 0:00,238.88
3/16/2017 0:00,238.49
3/17/2017 0:00,237.1008
3/20/2017 0:00,236.74
3/21/2017 0:00,233.76
3/22/2017 0:00,234.25
3/23/2017 0:00,233.94
3/24/2017 0:00,233.88
3/27/2017 0:00,233.575
3/28/2017 0:00,235.26
3/29/2017 0:00,235.56
3/30/2017 0:00,236.2692
3/31/2017 0:00,235.68
4/3/2017 0:00,235.37
4/4/2017 0:00,235.52
4/5/2017 0:00,234.76
4/6/2017 0:00,235.37
4/7/2017 0:00,235.17
4/10/2017 0:00,235.29
4/11/2017 0:00,235.03
4/12/2017 0:00,234.1408
4/13/2017 0:00,232.56
4/17/2017 0:00,234.57
4/18/2017 0:00,233.86
4/19/2017 0:00,233.49
4/20/2017 0:00,235.3
4/21/2017 0:00,234.59
4/24/2017 0:00,237.16
4/25/2017 0:00,238.52
4/26/2017 0:00,238.44
4/27/2017 0:00,238.6001
4/28/2017 0:00,238.12
5/1/2017 0:00,238.63
5/2/2017 0:00,238.76
5/3/2017 0:00,238.52
5/4/2017 0:00,238.74
5/5/2017 0:00,239.68
5/8/2017 0:00,239.67
5/9/2017 0:00,239.44
5/10/2017 0:00,239.86
5/11/2017 0:00,239.4592
5/12/2017 0:00,239.05
5/15/2017 0:00,240.2297
5/16/2017 0:00,240.09
5/17/2017 0:00,235.9292
5/18/2017 0:00,236.76
5/19/2017 0:00,238.27
5/22/2017 0:00,239.52
5/23/2017 0:00,240.03
5/24/2017 0:00,240.56
5/25/2017 0:00,241.74
5/26/2017 0:00,241.73
5/30/2017 0:00,241.53
5/31/2017 0:00,241.42
6/1/2017 0:00,243.3
6/2/2017 0:00,244.14
6/5/2017 0:00,243.97
6/6/2017 0:00,243.25
6/7/2017 0:00,243.6692
6/8/2017 0:00,243.73
6/9/2017 0:00,243.5208
6/12/2017 0:00,243.35
6/13/2017 0:00,244.48
6/14/2017 0:00,244.26
6/15/2017 0:00,243.7697
6/16/2017 0:00,242.64
6/19/2017 0:00,244.65
